SlNo,State_Code,State,District_Key,District,Confirmed,Active,Recovered,Deceased,Migrated_Other,Delta_Confirmed,Delta_Active,Delta_Recovered,Delta_Deceased,District_Notes,Last_Updated
0,UN,State Unassigned,UN_Unassigned,Unassigned,0,0,0,0,0,0,0,0,0,,
1,AN,Andaman and Nicobar Islands,AN_Nicobars,Nicobars,0,0,0,0,0,0,0,0,0,District-wise numbers are out-dated as cumulative counts for each district are not reported in bulletin,
2,AN,Andaman and Nicobar Islands,AN_North and Middle Andaman,North and Middle Andaman,1,0,1,0,0,0,0,0,0,District-wise numbers are out-dated as cumulative counts for each district are not reported in bulletin,
3,AN,Andaman and Nicobar Islands,AN_South Andaman,South Andaman,51,19,32,0,0,0,0,0,0,District-wise numbers are out-dated as cumulative counts for each district are not reported in bulletin,
0,AP,Andhra Pradesh,AP_Foreign Evacuees,Foreign Evacuees,434,0,434,0,0,0,0,0,0,,
4,AP,Andhra Pradesh,AP_Anantapur,Anantapur,67704,24,67081,599,0,0,0,0,0,,
5,AP,Andhra Pradesh,AP_Chittoor,Chittoor,87260,96,86316,848,0,0,0,0,0,,
6,AP,Andhra Pradesh,AP_East Godavari,East Godavari,124382,78,123668,636,0,0,0,0,0,,
7,AP,Andhra Pradesh,AP_Guntur,Guntur,75643,44,74928,671,0,0,0,0,0,,
8,AP,Andhra Pradesh,AP_Krishna,Krishna,48841,95,48065,681,0,0,0,0,0,,
9,AP,Andhra Pradesh,AP_Kurnool,Kurnool,60849,10,60350,489,0,0,0,0,0,,
0,AP,Andhra Pradesh,AP_Other State,Other State,2461,0,2461,0,0,0,0,0,0,,
10,AP,Andhra Pradesh,AP_Prakasam,Prakasam,62195,50,61565,580,0,0,0,0,0,,
11,AP,Andhra Pradesh,AP_S.P.S. Nellore,S.P.S. Nellore,62412,55,61850,507,0,0,0,0,0,,
12,AP,Andhra Pradesh,AP_Srikakulam,Srikakulam,46165,8,45810,347,0,0,0,0,0,,
13,AP,Andhra Pradesh,AP_Visakhapatnam,Visakhapatnam,59951,29,59357,565,0,0,0,0,0,,
14,AP,Andhra Pradesh,AP_Vizianagaram,Vizianagaram,41152,10,40904,238,0,0,0,0,0,,
15,AP,Andhra Pradesh,AP_West Godavari,West Godavari,94300,42,93716,542,0,0,0,0,0,,
16,AP,Andhra Pradesh,AP_Y.S.R. Kadapa,Y.S.R. Kadapa,55328,78,54787,463,0,0,0,0,0,,
17,AR,Arunachal Pradesh,AR_Anjaw,Anjaw,204,0,204,0,0,0,0,0,0,,
18,AR,Arunachal Pradesh,AR_Changlang,Changlang,1282,0,1278,4,0,0,0,0,0,,
19,AR,Arunachal Pradesh,AR_East Kameng,East Kameng,304,0,304,0,0,0,0,0,0,,
20,AR,Arunachal Pradesh,AR_East Siang,East Siang,1144,0,1140,4,0,0,0,0,0,,
21,AR,Arunachal Pradesh,AR_Kamle,Kamle,30,0,30,0,0,0,0,0,0,,
22,AR,Arunachal Pradesh,AR_Kra Daadi,Kra Daadi,37,0,37,0,0,0,0,0,0,,
23,AR,Arunachal Pradesh,AR_Kurung Kumey,Kurung Kumey,117,0,117,0,0,0,0,0,0,,
24,AR,Arunachal Pradesh,AR_Lepa Rada,Lepa Rada,286,0,286,0,0,0,0,0,0,,
25,AR,Arunachal Pradesh,AR_Lohit,Lohit,573,0,573,0,0,0,0,0,0,,
26,AR,Arunachal Pradesh,AR_Longding,Longding,250,0,250,0,0,0,0,0,0,,
27,AR,Arunachal Pradesh,AR_Lower Dibang Valley,Lower Dibang Valley,475,0,475,0,0,0,0,0,0,,
28,AR,Arunachal Pradesh,AR_Lower Siang,Lower Siang,287,0,287,0,0,0,0,0,0,,
29,AR,Arunachal Pradesh,AR_Lower Subansiri,Lower Subansiri,381,0,380,1,0,0,0,0,0,,
30,AR,Arunachal Pradesh,AR_Namsai,Namsai,434,4,426,4,0,0,0,0,0,,
31,AR,Arunachal Pradesh,AR_Pakke Kessang,Pakke Kessang,132,0,132,0,0,0,0,0,0,,
32,AR,Arunachal Pradesh,AR_Papum Pare,Papum Pare,6779,0,6750,29,0,0,0,0,0,,
33,AR,Arunachal Pradesh,AR_Shi Yomi,Shi Yomi,104,0,104,0,0,0,0,0,0,,
34,AR,Arunachal Pradesh,AR_Siang,Siang,133,0,132,1,0,0,0,0,0,,
35,AR,Arunachal Pradesh,AR_Tawang,Tawang,492,0,490,2,0,0,0,0,0,,
36,AR,Arunachal Pradesh,AR_Tirap,Tirap,587,0,585,2,0,0,0,0,0,,
37,AR,Arunachal Pradesh,AR_Upper Dibang Valley,Upper Dibang Valley,23,0,23,0,0,0,0,0,0,,
38,AR,Arunachal Pradesh,AR_Upper Siang,Upper Siang,361,0,361,0,0,0,0,0,0,,
39,AR,Arunachal Pradesh,AR_Upper Subansiri,Upper Subansiri,441,0,439,2,0,0,0,0,0,,
40,AR,Arunachal Pradesh,AR_West Kameng,West Kameng,950,0,946,4,0,0,0,0,0,,
41,AR,Arunachal Pradesh,AR_West Siang,West Siang,1030,1,1026,3,0,0,0,0,0,,
0,AS,Assam,AS_Airport Quarantine,Airport Quarantine,13,0,13,0,0,0,0,0,0,,
42,AS,Assam,AS_Baksa,Baksa,687,233,447,7,0,0,0,0,0,,
43,AS,Assam,AS_Barpeta,Barpeta,1121,84,1024,13,0,0,0,0,0,,
44,AS,Assam,AS_Biswanath,Biswanath,474,87,379,8,0,0,0,0,0,,
45,AS,Assam,AS_Bongaigaon,Bongaigaon,1303,462,834,7,0,0,0,0,0,,
46,AS,Assam,AS_Cachar,Cachar,6242,4701,1498,43,0,0,0,0,0,,
47,AS,Assam,AS_Charaideo,Charaideo,116,0,105,11,0,0,0,0,0,,
48,AS,Assam,AS_Chirang,Chirang,280,53,219,8,0,0,0,0,0,,
49,AS,Assam,AS_Darrang,Darrang,1967,219,1730,18,0,0,0,0,0,,
50,AS,Assam,AS_Dhemaji,Dhemaji,765,317,440,8,0,0,0,0,0,,
51,AS,Assam,AS_Dhubri,Dhubri,1723,496,1215,12,0,0,0,0,0,,
52,AS,Assam,AS_Dibrugarh,Dibrugarh,9572,7061,2409,102,0,0,0,0,0,,
53,AS,Assam,AS_Dima Hasao,Dima Hasao,241,40,199,2,0,0,0,0,0,,
54,AS,Assam,AS_Goalpara,Goalpara,665,38,568,10,0,0,0,0,0,,
55,AS,Assam,AS_Golaghat,Golaghat,3809,2107,1656,46,0,0,0,0,0,,
56,AS,Assam,AS_Hailakandi,Hailakandi,1634,511,1116,7,0,0,0,0,0,,
57,AS,Assam,AS_Hojai,Hojai,1646,472,1160,14,0,0,0,0,0,,
58,AS,Assam,AS_Jorhat,Jorhat,8777,6971,1752,54,0,0,0,0,0,,
59,AS,Assam,AS_Kamrup,Kamrup,4593,2484,2074,35,0,0,0,0,0,,
60,AS,Assam,AS_Kamrup Metropolitan,Kamrup Metropolitan,50538,35016,15370,152,0,0,0,0,0,,
61,AS,Assam,AS_Karbi Anglong,Karbi Anglong,632,69,552,11,0,0,0,0,0,,
62,AS,Assam,AS_Karimganj,Karimganj,1206,225,955,26,0,0,0,0,0,,
63,AS,Assam,AS_Kokrajhar,Kokrajhar,414,49,353,12,0,0,0,0,0,,
64,AS,Assam,AS_Lakhimpur,Lakhimpur,3006,1847,1135,24,0,0,0,0,0,,
65,AS,Assam,AS_Majuli,Majuli,165,79,80,6,0,0,0,0,0,,
66,AS,Assam,AS_Morigaon,Morigaon,638,72,557,9,0,0,0,0,0,,
67,AS,Assam,AS_Nagaon,Nagaon,4532,2000,2506,26,0,0,0,0,0,,
68,AS,Assam,AS_Nalbari,Nalbari,950,105,828,17,0,0,0,0,0,,
0,AS,Assam,AS_Other State,Other State,1,0,1,0,0,0,0,0,0,,
69,AS,Assam,AS_Sivasagar,Sivasagar,529,21,473,35,0,0,0,0,0,,
70,AS,Assam,AS_Sonitpur,Sonitpur,2560,814,1727,19,0,0,0,0,0,,
71,AS,Assam,AS_South Salmara Mankachar,South Salmara Mankachar,53,5,47,1,0,0,0,0,0,,
72,AS,Assam,AS_Tinsukia,Tinsukia,3383,1542,1798,43,0,0,0,0,0,,
73,AS,Assam,AS_Udalguri,Udalguri,758,84,666,8,0,0,0,0,0,,
74,AS,Assam,AS_West Karbi Anglong,West Karbi Anglong,39,1,37,1,0,0,0,0,0,,
75,BR,Bihar,BR_Araria,Araria,7259,7,7230,22,0,0,0,0,0,,
76,BR,Bihar,BR_Arwal,Arwal,2429,2,2415,12,0,0,0,0,0,,
77,BR,Bihar,BR_Aurangabad,Aurangabad,5531,23,5492,16,0,0,0,0,0,,
78,BR,Bihar,BR_Banka,Banka,3601,8,3573,20,0,0,0,0,0,,
79,BR,Bihar,BR_Begusarai,Begusarai,8131,13,8081,37,0,0,0,0,0,,
80,BR,Bihar,BR_Bhagalpur,Bhagalpur,9554,7,9467,80,0,0,0,0,0,,
81,BR,Bihar,BR_Bhojpur,Bhojpur,5108,0,5060,48,0,0,0,0,0,,
82,BR,Bihar,BR_Buxar,Buxar,4025,0,4005,20,0,0,0,0,0,,
83,BR,Bihar,BR_Darbhanga,Darbhanga,4261,11,4211,39,0,0,0,0,0,,
101,BR,Bihar,BR_East Champaran,East Champaran,8451,9,8389,53,0,0,0,0,0,,
84,BR,Bihar,BR_Gaya,Gaya,8095,34,8001,60,0,0,0,0,0,,
85,BR,Bihar,BR_Gopalganj,Gopalganj,5823,7,5801,15,0,0,0,0,0,,
86,BR,Bihar,BR_Jamui,Jamui,3166,7,3149,10,0,0,0,0,0,,
87,BR,Bihar,BR_Jehanabad,Jehanabad,4593,6,4562,25,0,0,0,0,0,,
88,BR,Bihar,BR_Kaimur,Kaimur,2258,2,2246,10,0,0,0,0,0,,
89,BR,Bihar,BR_Katihar,Katihar,7231,4,7215,12,0,0,0,0,0,,
90,BR,Bihar,BR_Khagaria,Khagaria,3134,0,3120,14,0,0,0,0,0,,
91,BR,Bihar,BR_Kishanganj,Kishanganj,4320,3,4304,13,0,0,0,0,0,,
92,BR,Bihar,BR_Lakhisarai,Lakhisarai,3850,3,3838,9,0,0,0,0,0,,
93,BR,Bihar,BR_Madhepura,Madhepura,4878,5,4856,17,0,0,0,0,0,,
94,BR,Bihar,BR_Madhubani,Madhubani,7741,9,7698,34,0,0,0,0,0,,
95,BR,Bihar,BR_Munger,Munger,4260,1,4203,56,0,0,0,0,0,,
96,BR,Bihar,BR_Muzaffarpur,Muzaffarpur,11932,11,11870,51,0,0,0,0,0,,
97,BR,Bihar,BR_Nalanda,Nalanda,8342,5,8278,59,0,0,0,0,0,,
98,BR,Bihar,BR_Nawada,Nawada,4256,9,4222,25,0,0,0,0,0,,
100,BR,Bihar,BR_Patna,Patna,52663,234,51993,436,0,0,0,0,0,,
102,BR,Bihar,BR_Purnia,Purnia,9405,2,9378,25,0,0,0,0,0,,
103,BR,Bihar,BR_Rohtas,Rohtas,6851,9,6797,45,0,0,0,0,0,,
104,BR,Bihar,BR_Saharsa,Saharsa,6858,6,6840,12,0,0,0,0,0,,
105,BR,Bihar,BR_Samastipur,Samastipur,5332,5,5292,35,0,0,0,0,0,,
106,BR,Bihar,BR_Saran,Saran,7437,23,7350,64,0,0,0,0,0,,
107,BR,Bihar,BR_Sheikhpura,Sheikhpura,2999,0,2986,13,0,0,0,0,0,,
108,BR,Bihar,BR_Sheohar,Sheohar,1546,16,1529,1,0,0,0,0,0,,
109,BR,Bihar,BR_Sitamarhi,Sitamarhi,4464,4,4443,17,0,0,0,0,0,,
110,BR,Bihar,BR_Siwan,Siwan,4817,10,4772,35,0,0,0,0,0,,
111,BR,Bihar,BR_Supaul,Supaul,5632,0,5613,19,0,0,0,0,0,,
112,BR,Bihar,BR_Vaishali,Vaishali,5648,10,5588,49,1,0,0,0,0,,
99,BR,Bihar,BR_West Champaran,West Champaran,6061,7,6031,23,0,0,0,0,0,,
113,CH,Chandigarh,CH_Chandigarh,Chandigarh,21279,140,20793,346,0,0,0,0,0,,
0,CT,Chhattisgarh,CT_Other State,Other State,479,21,395,63,0,0,0,0,0,,
114,CT,Chhattisgarh,CT_Balod,Balod,9852,160,9590,102,0,0,0,0,0,,
115,CT,Chhattisgarh,CT_Baloda Bazar,Baloda Bazar,10054,106,9801,147,0,0,0,0,0,,
116,CT,Chhattisgarh,CT_Balrampur,Balrampur,3777,55,3707,15,0,0,0,0,0,,
117,CT,Chhattisgarh,CT_Bametara,Bametara,5075,42,4973,60,0,0,0,0,0,,
118,CT,Chhattisgarh,CT_Bastar,Bastar,9087,34,8966,87,0,0,0,0,0,,
119,CT,Chhattisgarh,CT_Bijapur,Bijapur,4116,0,4088,28,0,0,0,0,0,,
120,CT,Chhattisgarh,CT_Bilaspur,Bilaspur,21531,63,21251,217,0,0,0,0,0,,
121,CT,Chhattisgarh,CT_Dakshin Bastar Dantewada,Dakshin Bastar Dantewada,6094,5,6072,17,0,0,0,0,0,,
122,CT,Chhattisgarh,CT_Dhamtari,Dhamtari,8359,48,8180,131,0,0,0,0,0,,
123,CT,Chhattisgarh,CT_Durg,Durg,27406,827,25948,631,0,0,0,0,0,,
124,CT,Chhattisgarh,CT_Gariaband,Gariaband,4669,42,4571,56,0,0,0,0,0,,
125,CT,Chhattisgarh,CT_Janjgir Champa,Janjgir Champa,20610,18,20353,239,0,0,0,0,0,,
126,CT,Chhattisgarh,CT_Jashpur,Jashpur,4032,45,3953,34,0,0,0,0,0,,
127,CT,Chhattisgarh,CT_Kabeerdham,Kabeerdham,5966,10,5883,73,0,0,0,0,0,,
128,CT,Chhattisgarh,CT_Kondagaon,Kondagaon,5282,9,5239,34,0,0,0,0,0,,
129,CT,Chhattisgarh,CT_Korba,Korba,17028,80,16822,126,0,0,0,0,0,,
130,CT,Chhattisgarh,CT_Koriya,Koriya,5402,42,5323,37,0,0,0,0,0,,
131,CT,Chhattisgarh,CT_Mahasamund,Mahasamund,9478,54,9278,146,0,0,0,0,0,,
132,CT,Chhattisgarh,CT_Mungeli,Mungeli,4128,27,4073,28,0,0,0,0,0,,
133,CT,Chhattisgarh,CT_Narayanpur,Narayanpur,1967,3,1962,2,0,0,0,0,0,,
134,CT,Chhattisgarh,CT_Raigarh,Raigarh,24095,196,23582,317,0,0,0,0,0,,
135,CT,Chhattisgarh,CT_Raipur,Raipur,54922,877,53245,800,0,0,0,0,0,,
136,CT,Chhattisgarh,CT_Rajnandgaon,Rajnandgaon,19844,64,19598,182,0,0,0,0,0,,
137,CT,Chhattisgarh,CT_Sukma,Sukma,4014,0,4004,10,0,0,0,0,0,,
138,CT,Chhattisgarh,CT_Surajpur,Surajpur,6497,57,6394,46,0,0,0,0,0,,
139,CT,Chhattisgarh,CT_Surguja,Surguja,8263,86,8086,91,0,0,0,0,0,,
140,CT,Chhattisgarh,CT_Uttar Bastar Kanker,Uttar Bastar Kanker,6684,29,6594,61,0,0,0,0,0,,
766,CT,Chhattisgarh,CT_Gaurela Pendra Marwahi,Gaurela Pendra Marwahi,1499,5,1484,10,0,0,0,0,0,,
144,DL,Delhi,DL_Central Delhi,Central Delhi,184,184,0,0,0,0,0,0,0,District-wise numbers are out-dated as cumulative counts for each district are not reported in bulletin,
145,DL,Delhi,DL_East Delhi,East Delhi,38,38,0,0,0,0,0,0,0,District-wise numbers are out-dated as cumulative counts for each district are not reported in bulletin,
146,DL,Delhi,DL_New Delhi,New Delhi,37,37,0,0,0,0,0,0,0,District-wise numbers are out-dated as cumulative counts for each district are not reported in bulletin,
147,DL,Delhi,DL_North Delhi,North Delhi,60,60,0,0,0,0,0,0,0,District-wise numbers are out-dated as cumulative counts for each district are not reported in bulletin,
148,DL,Delhi,DL_North East Delhi,North East Delhi,25,25,0,0,0,0,0,0,0,District-wise numbers are out-dated as cumulative counts for each district are not reported in bulletin,
149,DL,Delhi,DL_North West Delhi,North West Delhi,32,31,0,1,0,0,0,0,0,District-wise numbers are out-dated as cumulative counts for each district are not reported in bulletin,
150,DL,Delhi,DL_Shahdara,Shahdara,48,48,0,0,0,0,0,0,0,District-wise numbers are out-dated as cumulative counts for each district are not reported in bulletin,
151,DL,Delhi,DL_South Delhi,South Delhi,70,70,0,0,0,0,0,0,0,District-wise numbers are out-dated as cumulative counts for each district are not reported in bulletin,
152,DL,Delhi,DL_South East Delhi,South East Delhi,130,130,0,0,0,0,0,0,0,District-wise numbers are out-dated as cumulative counts for each district are not reported in bulletin,
153,DL,Delhi,DL_South West Delhi,South West Delhi,42,42,0,0,0,0,0,0,0,District-wise numbers are out-dated as cumulative counts for each district are not reported in bulletin,
154,DL,Delhi,DL_West Delhi,West Delhi,122,122,0,0,0,0,0,0,0,District-wise numbers are out-dated as cumulative counts for each district are not reported in bulletin,
0,DN,Dadra and Nagar Haveli and Daman and Diu,DN_Other State,Other State,0,0,0,0,0,0,0,0,0,,
141,DN,Dadra and Nagar Haveli and Daman and Diu,DN_Dadra and Nagar Haveli,Dadra and Nagar Haveli,1656,0,1650,1,5,0,0,0,0,,
142,DN,Dadra and Nagar Haveli and Daman and Diu,DN_Daman,Daman,1416,4,1387,1,24,0,0,0,0,,
143,DN,Dadra and Nagar Haveli and Daman and Diu,DN_Diu,Diu,312,0,312,0,0,0,0,0,0,,
0,GA,Goa,GA_Other State,Other State,200,9,190,1,0,0,0,0,0,District-wise numbers are out-dated as cumulative counts for each district are not reported in bulletin,
155,GA,Goa,GA_North Goa,North Goa,2668,1639,964,65,0,0,0,0,0,District-wise numbers are out-dated as cumulative counts for each district are not reported in bulletin,
156,GA,Goa,GA_South Goa,South Goa,3511,1978,1407,126,0,0,0,0,0,District-wise numbers are out-dated as cumulative counts for each district are not reported in bulletin,
0,GJ,Gujarat,GJ_Other State,Other State,162,0,159,3,0,0,0,0,0,,
157,GJ,Gujarat,GJ_Ahmedabad,Ahmedabad,62003,535,59162,2306,0,0,0,0,0,,
158,GJ,Gujarat,GJ_Amreli,Amreli,3931,34,3864,33,0,0,0,0,0,,
159,GJ,Gujarat,GJ_Anand,Anand,2594,22,2555,17,0,0,0,0,0,,
160,GJ,Gujarat,GJ_Aravalli,Aravalli,1211,4,1181,26,0,0,0,0,0,,
161,GJ,Gujarat,GJ_Banaskantha,Banaskantha,4710,6,4665,39,0,0,0,0,0,,
162,GJ,Gujarat,GJ_Bharuch,Bharuch,4164,20,4126,18,0,0,0,0,0,,
163,GJ,Gujarat,GJ_Bhavnagar,Bhavnagar,6099,36,5995,68,0,0,0,0,0,,
164,GJ,Gujarat,GJ_Botad,Botad,1048,1,1033,14,0,0,0,0,0,,
165,GJ,Gujarat,GJ_Chhota Udaipur,Chhota Udaipur,925,7,915,3,0,0,0,0,0,,
167,GJ,Gujarat,GJ_Dahod,Dahod,3330,13,3310,7,0,0,0,0,0,,
187,GJ,Gujarat,GJ_Dang,Dang,183,0,182,1,0,0,0,0,0,,
166,GJ,Gujarat,GJ_Devbhumi Dwarka,Devbhumi Dwarka,1128,15,1108,5,0,0,0,0,0,,
168,GJ,Gujarat,GJ_Gandhinagar,Gandhinagar,8707,41,8559,107,0,0,0,0,0,,
169,GJ,Gujarat,GJ_Gir Somnath,Gir Somnath,2575,47,2504,24,0,0,0,0,0,,
170,GJ,Gujarat,GJ_Jamnagar,Jamnagar,10584,61,10488,35,0,0,0,0,0,,
171,GJ,Gujarat,GJ_Junagadh,Junagadh,5390,26,5331,33,0,0,0,0,0,,
173,GJ,Gujarat,GJ_Kheda,Kheda,3257,21,3219,17,0,0,0,0,0,,
172,GJ,Gujarat,GJ_Kutch,Kutch,4505,44,4428,33,0,0,0,0,0,,
175,GJ,Gujarat,GJ_Mahisagar,Mahisagar,2061,32,2019,10,0,0,0,0,0,,
174,GJ,Gujarat,GJ_Mehsana,Mehsana,7018,30,6950,38,0,0,0,0,0,,
176,GJ,Gujarat,GJ_Morbi,Morbi,3312,15,3278,19,0,0,0,0,0,,
177,GJ,Gujarat,GJ_Narmada,Narmada,2124,23,2100,1,0,0,0,0,0,,
178,GJ,Gujarat,GJ_Navsari,Navsari,1640,7,1625,8,0,0,0,0,0,,
179,GJ,Gujarat,GJ_Panchmahal,Panchmahal,4300,18,4260,22,0,0,0,0,0,,
180,GJ,Gujarat,GJ_Patan,Patan,4245,5,4187,53,0,0,0,0,0,,
181,GJ,Gujarat,GJ_Porbandar,Porbandar,730,2,724,4,0,0,0,0,0,,
182,GJ,Gujarat,GJ_Rajkot,Rajkot,22939,135,22604,200,0,0,0,0,0,,
183,GJ,Gujarat,GJ_Sabarkantha,Sabarkantha,3045,31,3001,13,0,0,0,0,0,,
184,GJ,Gujarat,GJ_Surat,Surat,53163,306,51881,976,0,0,0,0,0,,
185,GJ,Gujarat,GJ_Surendranagar,Surendranagar,3541,4,3524,13,0,0,0,0,0,,
186,GJ,Gujarat,GJ_Tapi,Tapi,1078,5,1066,7,0,0,0,0,0,,
188,GJ,Gujarat,GJ_Vadodara,Vadodara,29181,145,28796,240,0,0,0,0,0,,
189,GJ,Gujarat,GJ_Valsad,Valsad,1414,6,1399,9,0,0,0,0,0,,
212,HP,Himachal Pradesh,HP_Bilaspur,Bilaspur,2944,22,2897,24,1,0,0,0,0,,
213,HP,Himachal Pradesh,HP_Chamba,Chamba,2970,4,2912,52,2,0,0,0,0,One death of COVID-19 positive patient has occured due to non-covid reasons,
214,HP,Himachal Pradesh,HP_Hamirpur,Hamirpur,3045,2,2993,49,1,0,0,0,0,,
215,HP,Himachal Pradesh,HP_Kangra,Kangra,8340,50,8082,206,2,0,0,0,0,Death of Tibetan refugee on March 22 included in Kangra district's tally,
216,HP,Himachal Pradesh,HP_Kinnaur,Kinnaur,1377,8,1353,16,0,0,0,0,0,,
217,HP,Himachal Pradesh,HP_Kullu,Kullu,4440,17,4338,83,2,0,0,0,0,,
218,HP,Himachal Pradesh,HP_Lahaul and Spiti,Lahaul and Spiti,1258,0,1246,12,0,0,0,0,0,,
219,HP,Himachal Pradesh,HP_Mandi,Mandi,10258,45,10088,125,0,0,0,0,0,,
220,HP,Himachal Pradesh,HP_Shimla,Shimla,10450,35,10145,266,4,0,0,0,0,One death of COVID-19 positive patient has occured due to non-covid reasons,
221,HP,Himachal Pradesh,HP_Sirmaur,Sirmaur,3483,27,3425,31,0,0,0,0,0,,
222,HP,Himachal Pradesh,HP_Solan,Solan,6762,18,6671,73,0,0,0,0,0,,
223,HP,Himachal Pradesh,HP_Una,Una,2985,73,2867,44,1,0,0,0,0,,
0,HR,Haryana,HR_Foreign Evacuees,Foreign Evacuees,0,0,0,0,0,0,0,0,0,,
190,HR,Haryana,HR_Ambala,Ambala,11915,32,11739,144,0,0,0,0,0,,
191,HR,Haryana,HR_Bhiwani,Bhiwani,6337,9,6183,145,0,0,0,0,0,,
192,HR,Haryana,HR_Charkhi Dadri,Charkhi Dadri,1520,7,1487,26,0,0,0,0,0,,
193,HR,Haryana,HR_Faridabad,Faridabad,46406,55,45936,415,0,0,0,0,0,,
194,HR,Haryana,HR_Fatehabad,Fatehabad,4727,2,4606,119,0,0,0,0,0,,
195,HR,Haryana,HR_Gurugram,Gurugram,58637,257,58024,356,0,0,0,0,0,,
196,HR,Haryana,HR_Hisar,Hisar,17119,5,16788,326,0,0,0,0,0,,
0,HR,Haryana,HR_Italians,Italians,0,0,0,0,0,0,0,0,0,,
197,HR,Haryana,HR_Jhajjar,Jhajjar,5928,1,5825,102,0,0,0,0,0,,
198,HR,Haryana,HR_Jind,Jind,4915,17,4804,94,0,0,0,0,0,,
199,HR,Haryana,HR_Kaithal,Kaithal,3914,24,3836,54,0,0,0,0,0,,
200,HR,Haryana,HR_Karnal,Karnal,11262,74,11035,153,0,0,0,0,0,,
201,HR,Haryana,HR_Kurukshetra,Kurukshetra,8943,57,8752,134,0,0,0,0,0,,
202,HR,Haryana,HR_Mahendragarh,Mahendragarh,6614,0,6593,21,0,0,0,0,0,,
203,HR,Haryana,HR_Nuh,Nuh,1710,2,1678,30,0,0,0,0,0,,
204,HR,Haryana,HR_Palwal,Palwal,4431,2,4394,35,0,0,0,0,0,,
205,HR,Haryana,HR_Panchkula,Panchkula,10701,96,10457,148,0,0,0,0,0,,
206,HR,Haryana,HR_Panipat,Panipat,10832,74,10604,154,0,0,0,0,0,,
207,HR,Haryana,HR_Rewari,Rewari,11379,2,11301,76,0,0,0,0,0,,
208,HR,Haryana,HR_Rohtak,Rohtak,12303,21,12129,153,0,0,0,0,0,,
209,HR,Haryana,HR_Sirsa,Sirsa,8081,14,7951,116,0,0,0,0,0,,
210,HR,Haryana,HR_Sonipat,Sonipat,14818,10,14722,86,0,0,0,0,0,,
211,HR,Haryana,HR_Yamunanagar,Yamunanagar,6913,53,6705,155,0,0,0,0,0,,
246,JH,Jharkhand,JH_Bokaro,Bokaro,6714,12,6636,66,0,0,0,0,0,,
247,JH,Jharkhand,JH_Chatra,Chatra,1429,3,1415,11,0,0,0,0,0,,
248,JH,Jharkhand,JH_Deoghar,Deoghar,3678,16,3639,23,0,0,0,0,0,,
249,JH,Jharkhand,JH_Dhanbad,Dhanbad,7786,16,7654,116,0,0,0,0,0,,
250,JH,Jharkhand,JH_Dumka,Dumka,1411,14,1383,14,0,0,0,0,0,,
264,JH,Jharkhand,JH_East Singhbhum,East Singhbhum,18447,57,18034,356,0,0,0,0,0,,
251,JH,Jharkhand,JH_Garhwa,Garhwa,2831,2,2816,13,0,0,0,0,0,,
252,JH,Jharkhand,JH_Giridih,Giridih,3424,0,3410,14,0,0,0,0,0,,
253,JH,Jharkhand,JH_Godda,Godda,2109,1,2098,10,0,0,0,0,0,,
254,JH,Jharkhand,JH_Gumla,Gumla,2345,21,2318,6,0,0,0,0,0,,
255,JH,Jharkhand,JH_Hazaribagh,Hazaribagh,4442,3,4402,37,0,0,0,0,0,,
256,JH,Jharkhand,JH_Jamtara,Jamtara,1272,2,1266,4,0,0,0,0,0,,
257,JH,Jharkhand,JH_Khunti,Khunti,2142,5,2130,7,0,0,0,0,0,,
258,JH,Jharkhand,JH_Koderma,Koderma,3476,10,3438,28,0,0,0,0,0,,
259,JH,Jharkhand,JH_Latehar,Latehar,1966,17,1942,7,0,0,0,0,0,,
260,JH,Jharkhand,JH_Lohardaga,Lohardaga,1803,19,1774,10,0,0,0,0,0,,
261,JH,Jharkhand,JH_Pakur,Pakur,903,0,901,2,0,0,0,0,0,,
262,JH,Jharkhand,JH_Palamu,Palamu,3640,2,3614,24,0,0,0,0,0,,
265,JH,Jharkhand,JH_Ramgarh,Ramgarh,4533,3,4502,28,0,0,0,0,0,,
266,JH,Jharkhand,JH_Ranchi,Ranchi,32889,249,32398,242,0,0,0,0,0,,
267,JH,Jharkhand,JH_Sahibganj,Sahibganj,1645,3,1633,9,0,0,0,0,0,,
268,JH,Jharkhand,JH_Saraikela-Kharsawan,Saraikela-Kharsawan,3697,8,3677,12,0,0,0,0,0,,
269,JH,Jharkhand,JH_Simdega,Simdega,2057,2,2049,6,0,0,0,0,0,,
263,JH,Jharkhand,JH_West Singhbhum,West Singhbhum,4838,2,4797,39,0,0,0,0,0,,
224,JK,Jammu and Kashmir,JK_Anantnag,Anantnag,4974,38,4850,86,0,0,0,0,0,,
226,JK,Jammu and Kashmir,JK_Bandipora,Bandipora,4708,16,4630,62,0,0,0,0,0,,
227,JK,Jammu and Kashmir,JK_Baramulla,Baramulla,8173,38,7960,175,0,0,0,0,0,,
225,JK,Jammu and Kashmir,JK_Budgam,Budgam,7845,42,7684,119,0,0,0,0,0,,
228,JK,Jammu and Kashmir,JK_Doda,Doda,3436,3,3369,64,0,0,0,0,0,,
229,JK,Jammu and Kashmir,JK_Ganderbal,Ganderbal,4660,31,4582,47,0,0,0,0,0,,
230,JK,Jammu and Kashmir,JK_Jammu,Jammu,25127,93,24661,373,0,0,0,0,0,,
231,JK,Jammu and Kashmir,JK_Kathua,Kathua,3256,0,3203,53,0,0,0,0,0,,
232,JK,Jammu and Kashmir,JK_Kishtwar,Kishtwar,2733,1,2710,22,0,0,0,0,0,,
233,JK,Jammu and Kashmir,JK_Kulgam,Kulgam,2712,11,2647,54,0,0,0,0,0,,
234,JK,Jammu and Kashmir,JK_Kupwara,Kupwara,5672,5,5571,96,0,0,0,0,0,,
235,JK,Jammu and Kashmir,JK_Mirpur,Mirpur,0,0,0,0,0,0,0,0,0,,
236,JK,Jammu and Kashmir,JK_Muzaffarabad,Muzaffarabad,0,0,0,0,0,0,0,0,0,,
237,JK,Jammu and Kashmir,JK_Pulwama,Pulwama,5809,40,5680,89,0,0,0,0,0,,
238,JK,Jammu and Kashmir,JK_Punch,Punch,2520,17,2479,24,0,0,0,0,0,,
239,JK,Jammu and Kashmir,JK_Rajouri,Rajouri,3873,4,3814,55,0,0,0,0,0,,
240,JK,Jammu and Kashmir,JK_Ramban,Ramban,2135,0,2114,21,0,0,0,0,0,,
241,JK,Jammu and Kashmir,JK_Reasi,Reasi,1646,0,1630,16,0,0,0,0,0,,
242,JK,Jammu and Kashmir,JK_Samba,Samba,2835,5,2790,40,0,0,0,0,0,,
243,JK,Jammu and Kashmir,JK_Shopiyan,Shopiyan,2592,19,2533,40,0,0,0,0,0,,
244,JK,Jammu and Kashmir,JK_Srinagar,Srinagar,26687,302,25924,461,0,0,0,0,0,,
245,JK,Jammu and Kashmir,JK_Udhampur,Udhampur,4241,23,4161,57,0,0,0,0,0,,
270,KA,Karnataka,KA_Bagalkote,Bagalkote,13767,4,13627,136,0,0,0,0,0,,
271,KA,Karnataka,KA_Ballari,Ballari,39200,20,38583,597,0,0,0,0,0,,
272,KA,Karnataka,KA_Belagavi,Belagavi,26823,78,26403,342,0,0,0,0,0,,
274,KA,Karnataka,KA_Bengaluru Rural,Bengaluru Rural,18781,71,18550,160,0,0,0,0,0,,
273,KA,Karnataka,KA_Bengaluru Urban,Bengaluru Urban,403027,4113,394472,4441,1,0,0,0,0,,
275,KA,Karnataka,KA_Bidar,Bidar,7488,16,7296,172,4,0,0,0,0,,
276,KA,Karnataka,KA_Chamarajanagara,Chamarajanagara,6956,11,6814,120,11,0,0,0,0,,
277,KA,Karnataka,KA_Chikkaballapura,Chikkaballapura,13693,15,13560,117,1,0,0,0,0,,
278,KA,Karnataka,KA_Chikkamagaluru,Chikkamagaluru,14001,27,13835,139,0,0,0,0,0,,
279,KA,Karnataka,KA_Chitradurga,Chitradurga,14861,69,14723,69,0,0,0,0,0,,
280,KA,Karnataka,KA_Dakshina Kannada,Dakshina Kannada,34266,250,33276,738,2,0,0,0,0,,
281,KA,Karnataka,KA_Davanagere,Davanagere,22411,46,22101,264,0,0,0,0,0,,
282,KA,Karnataka,KA_Dharwad,Dharwad,22288,52,21620,616,0,0,0,0,0,,
283,KA,Karnataka,KA_Gadag,Gadag,11007,7,10859,141,0,0,0,0,0,,
284,KA,Karnataka,KA_Hassan,Hassan,28654,63,28196,395,0,0,0,0,0,,
285,KA,Karnataka,KA_Haveri,Haveri,11011,7,10814,190,0,0,0,0,0,,
286,KA,Karnataka,KA_Kalaburagi,Kalaburagi,21853,130,21394,329,0,0,0,0,0,,
287,KA,Karnataka,KA_Kodagu,Kodagu,6118,40,6006,72,0,0,0,0,0,,
288,KA,Karnataka,KA_Kolar,Kolar,10069,40,9852,177,0,0,0,0,0,,
289,KA,Karnataka,KA_Koppal,Koppal,13938,4,13655,279,0,0,0,0,0,,
290,KA,Karnataka,KA_Mandya,Mandya,19760,46,19563,151,0,0,0,0,0,,
291,KA,Karnataka,KA_Mysuru,Mysuru,53834,143,52662,1029,0,0,0,0,0,,
0,KA,Karnataka,KA_Other State,Other State,36,0,33,3,0,0,0,0,0,,
292,KA,Karnataka,KA_Raichur,Raichur,14293,17,14118,158,0,0,0,0,0,,
293,KA,Karnataka,KA_Ramanagara,Ramanagara,7427,10,7340,77,0,0,0,0,0,,
294,KA,Karnataka,KA_Shivamogga,Shivamogga,22436,67,22020,349,0,0,0,0,0,,
295,KA,Karnataka,KA_Tumakuru,Tumakuru,25531,323,24821,387,0,0,0,0,0,,
296,KA,Karnataka,KA_Udupi,Udupi,23494,47,23258,189,0,0,0,0,0,,
297,KA,Karnataka,KA_Uttara Kannada,Uttara Kannada,14678,44,14456,178,0,0,0,0,0,,
298,KA,Karnataka,KA_Vijayapura,Vijayapura,14478,20,14252,206,0,0,0,0,0,,
299,KA,Karnataka,KA_Yadgir,Yadgir,10681,12,10608,61,0,0,0,0,0,,
0,KL,Kerala,KL_Other State,Other State,0,0,0,0,0,0,0,0,0,,
300,KL,Kerala,KL_Alappuzha,Alappuzha,75183,3783,71039,337,24,0,0,0,0,,
301,KL,Kerala,KL_Ernakulam,Ernakulam,119470,9583,109450,411,26,0,0,0,0,,
302,KL,Kerala,KL_Idukki,Idukki,26338,3108,23189,36,5,0,0,0,0,,
303,KL,Kerala,KL_Kannur,Kannur,51598,3053,48246,273,26,0,0,0,0,,
304,KL,Kerala,KL_Kasaragod,Kasaragod,28117,2068,25947,95,7,0,0,0,0,,
305,KL,Kerala,KL_Kollam,Kollam,83296,5486,77499,290,21,0,0,0,0,,
306,KL,Kerala,KL_Kottayam,Kottayam,76091,4953,70937,194,7,0,0,0,0,,
307,KL,Kerala,KL_Kozhikode,Kozhikode,114979,4907,109622,428,22,0,0,0,0,,
308,KL,Kerala,KL_Malappuram,Malappuram,114029,3050,110559,406,14,0,0,0,0,,
309,KL,Kerala,KL_Palakkad,Palakkad,58192,3261,54748,174,9,0,0,0,0,,
310,KL,Kerala,KL_Pathanamthitta,Pathanamthitta,53232,6954,46170,100,8,0,0,0,0,,
311,KL,Kerala,KL_Thiruvananthapuram,Thiruvananthapuram,99826,3693,95245,803,85,0,0,0,0,,
312,KL,Kerala,KL_Thrissur,Thrissur,95266,4294,90539,419,14,0,0,0,0,,
313,KL,Kerala,KL_Wayanad,Wayanad,25816,1989,23745,80,2,0,0,0,0,,
314,LA,Ladakh,LA_Kargil,Kargil,2120,11,2065,44,0,0,0,0,0,,
315,LA,Ladakh,LA_Leh,Leh,7663,37,7540,86,0,0,0,0,0,,
316,LD,Lakshadweep,LD_Lakshadweep,Lakshadweep,263,96,164,0,3,0,0,0,0,,
369,MH,Maharashtra,MH_Ahmednagar,Ahmednagar,73568,856,71594,1117,1,0,0,0,0,,
370,MH,Maharashtra,MH_Akola,Akola,13144,1105,11663,372,4,0,0,0,0,,
371,MH,Maharashtra,MH_Amravati,Amravati,27874,4020,23433,419,2,0,0,0,0,,
372,MH,Maharashtra,MH_Aurangabad,Aurangabad,50433,876,48290,1253,14,0,0,0,0,,
374,MH,Maharashtra,MH_Beed,Beed,18623,343,17716,558,6,0,0,0,0,,
373,MH,Maharashtra,MH_Bhandara,Bhandara,13726,171,13241,313,1,0,0,0,0,,
375,MH,Maharashtra,MH_Buldhana,Buldhana,16152,1093,14800,254,5,0,0,0,0,,
376,MH,Maharashtra,MH_Chandrapur,Chandrapur,24411,331,23668,410,2,0,0,0,0,,
377,MH,Maharashtra,MH_Dhule,Dhule,16411,145,15927,337,2,0,0,0,0,,
378,MH,Maharashtra,MH_Gadchiroli,Gadchiroli,8917,61,8749,99,8,0,0,0,0,,
379,MH,Maharashtra,MH_Gondia,Gondia,14463,88,14196,173,6,0,0,0,0,,
380,MH,Maharashtra,MH_Hingoli,Hingoli,4508,122,4286,100,0,0,0,0,0,,
381,MH,Maharashtra,MH_Jalgaon,Jalgaon,58413,768,56133,1492,20,0,0,0,0,,
382,MH,Maharashtra,MH_Jalna,Jalna,13873,197,13305,370,1,0,0,0,0,,
383,MH,Maharashtra,MH_Kolhapur,Kolhapur,49418,180,47561,1674,3,0,0,0,0,,
384,MH,Maharashtra,MH_Latur,Latur,25049,476,23875,694,4,0,0,0,0,,
385,MH,Maharashtra,MH_Mumbai,Mumbai,316487,4782,299412,11432,861,0,0,0,0,"[Sep 9]After reconciling COVID-19 cases in Mumbai, owing to the removal of duplicates and change of addresses as per the original residence, 239 cases have been removed from the progressive figures.",
386,MH,Maharashtra,MH_Mumbai Suburban,Mumbai Suburban,0,0,0,0,0,0,0,0,0,,
387,MH,Maharashtra,MH_Nagpur,Nagpur,142585,5466,133631,3450,38,0,0,0,0,District administration provides number of persons tested instead of the number of samples tested.,
388,MH,Maharashtra,MH_Nanded,Nanded,22666,280,21702,679,5,0,0,0,0,Number of active cases differs in the state bulletin and district bulletin. We follow the state bulletin.,
389,MH,Maharashtra,MH_Nandurbar,Nandurbar,10034,290,9528,215,1,0,0,0,0,,
390,MH,Maharashtra,MH_Nashik,Nashik,124474,988,121457,2028,1,0,0,0,0,Number of active cases differs in the state bulletin and district bulletin. We follow the state bulletin.,
391,MH,Maharashtra,MH_Osmanabad,Osmanabad,17777,188,17015,558,16,0,0,0,0,,
0,MH,Maharashtra,MH_Other State,Other State,146,59,0,85,2,0,0,0,0,,
392,MH,Maharashtra,MH_Palghar,Palghar,48498,428,47121,939,10,0,0,0,0,,
393,MH,Maharashtra,MH_Parbhani,Parbhani,8150,229,7613,297,11,0,0,0,0,,
394,MH,Maharashtra,MH_Pune,Pune,397402,7977,381358,8019,48,0,0,0,0,Number of active cases differs in the state bulletin and district bulletin. We follow the state bulletin.,
395,MH,Maharashtra,MH_Raigad,Raigad,69723,636,67493,1592,2,0,0,0,0,Number of active cases differs in the state bulletin and district bulletin. We follow the state bulletin.,
396,MH,Maharashtra,MH_Ratnagiri,Ratnagiri,11841,180,11249,410,2,0,0,0,0,,
397,MH,Maharashtra,MH_Sangli,Sangli,51122,492,48839,1789,2,0,0,0,0,,
398,MH,Maharashtra,MH_Satara,Satara,57726,868,55016,1833,9,0,0,0,0,,
399,MH,Maharashtra,MH_Sindhudurg,Sindhudurg,6554,236,6141,177,0,0,0,0,0,,
400,MH,Maharashtra,MH_Solapur,Solapur,57028,582,54565,1832,49,0,0,0,0,,
401,MH,Maharashtra,MH_Thane,Thane,274264,4998,263463,5772,31,0,0,0,0,,
402,MH,Maharashtra,MH_Wardha,Wardha,11726,451,10959,301,15,0,0,0,0,,
403,MH,Maharashtra,MH_Washim,Washim,7652,204,7284,161,3,0,0,0,0,,
404,MH,Maharashtra,MH_Yavatmal,Yavatmal,16682,692,15521,465,4,0,0,0,0,,
421,ML,Meghalaya,ML_East Garo Hills,East Garo Hills,339,0,338,1,0,0,0,0,0,,
422,ML,Meghalaya,ML_East Jaintia Hills,East Jaintia Hills,550,2,548,0,0,0,0,0,0,,
423,ML,Meghalaya,ML_East Khasi Hills,East Khasi Hills,8664,41,8501,122,0,0,0,0,0,,
424,ML,Meghalaya,ML_North Garo Hills,North Garo Hills,120,0,118,2,0,0,0,0,0,,
425,ML,Meghalaya,ML_Ribhoi,Ribhoi,1382,0,1380,2,0,0,0,0,0,,
426,ML,Meghalaya,ML_South Garo Hills,South Garo Hills,198,0,198,0,0,0,0,0,0,,
427,ML,Meghalaya,ML_South West Garo Hills,South West Garo Hills,199,0,197,2,0,0,0,0,0,,
428,ML,Meghalaya,ML_South West Khasi Hills,South West Khasi Hills,57,0,57,0,0,0,0,0,0,,
429,ML,Meghalaya,ML_West Garo Hills,West Garo Hills,1715,0,1698,17,0,0,0,0,0,,
430,ML,Meghalaya,ML_West Jaintia Hills,West Jaintia Hills,542,10,531,1,0,0,0,0,0,,
431,ML,Meghalaya,ML_West Khasi Hills,West Khasi Hills,180,2,177,1,0,0,0,0,0,,
0,MN,Manipur,MN_CAPF Personnel,CAPF Personnel,2660,1257,1401,2,0,0,0,0,0,,
405,MN,Manipur,MN_Bishnupur,Bishnupur,1328,1246,58,24,0,0,0,0,0,,
406,MN,Manipur,MN_Chandel,Chandel,378,365,4,9,0,0,0,0,0,,
407,MN,Manipur,MN_Churachandpur,Churachandpur,1515,1429,58,28,0,0,0,0,0,,
408,MN,Manipur,MN_Imphal East,Imphal East,5684,5457,150,77,0,0,0,0,0,,
409,MN,Manipur,MN_Imphal West,Imphal West,8868,8714,52,102,0,0,0,0,0,,
410,MN,Manipur,MN_Jiribam,Jiribam,266,264,2,0,0,0,0,0,0,,
411,MN,Manipur,MN_Kakching,Kakching,819,784,27,8,0,0,0,0,0,,
412,MN,Manipur,MN_Kamjong,Kamjong,252,235,17,0,0,0,0,0,0,,
413,MN,Manipur,MN_Kangpokpi,Kangpokpi,622,593,19,10,0,0,0,0,0,,
414,MN,Manipur,MN_Noney,Noney,330,311,18,1,0,0,0,0,0,,
415,MN,Manipur,MN_Pherzawl,Pherzawl,37,22,15,0,0,0,0,0,0,,
416,MN,Manipur,MN_Senapati,Senapati,498,476,21,1,0,0,0,0,0,,
417,MN,Manipur,MN_Tamenglong,Tamenglong,1395,1357,32,6,0,0,0,0,0,,
418,MN,Manipur,MN_Tengnoupal,Tengnoupal,286,272,13,1,0,0,0,0,0,,
419,MN,Manipur,MN_Thoubal,Thoubal,2338,2275,23,40,0,0,0,0,0,,
420,MN,Manipur,MN_Ukhrul,Ukhrul,537,516,18,3,0,0,0,0,0,,
317,MP,Madhya Pradesh,MP_Agar Malwa,Agar Malwa,665,3,652,10,0,0,0,0,0,,
318,MP,Madhya Pradesh,MP_Alirajpur,Alirajpur,1299,3,1280,16,0,0,0,0,0,,
319,MP,Madhya Pradesh,MP_Anuppur,Anuppur,2109,9,2085,15,0,0,0,0,0,,
320,MP,Madhya Pradesh,MP_Ashoknagar,Ashoknagar,1138,3,1118,17,0,0,0,0,0,,
321,MP,Madhya Pradesh,MP_Balaghat,Balaghat,3189,7,3168,14,0,0,0,0,0,,
322,MP,Madhya Pradesh,MP_Barwani,Barwani,2954,24,2899,31,0,0,0,0,0,,
323,MP,Madhya Pradesh,MP_Betul,Betul,3664,35,3553,76,0,0,0,0,0,,
324,MP,Madhya Pradesh,MP_Bhind,Bhind,1506,0,1496,10,0,0,0,0,0,,
325,MP,Madhya Pradesh,MP_Bhopal,Bhopal,43462,526,42318,618,0,0,0,0,0,,
326,MP,Madhya Pradesh,MP_Burhanpur,Burhanpur,877,3,847,27,0,0,0,0,0,,
327,MP,Madhya Pradesh,MP_Chhatarpur,Chhatarpur,2110,1,2077,32,0,0,0,0,0,,
328,MP,Madhya Pradesh,MP_Chhindwara,Chhindwara,2908,31,2831,46,0,0,0,0,0,,
329,MP,Madhya Pradesh,MP_Damoh,Damoh,2847,89,2666,92,0,0,0,0,0,,
330,MP,Madhya Pradesh,MP_Datia,Datia,1912,6,1886,20,0,0,0,0,0,,
331,MP,Madhya Pradesh,MP_Dewas,Dewas,2971,3,2941,27,0,0,0,0,0,,
332,MP,Madhya Pradesh,MP_Dhar,Dhar,4152,8,4086,58,0,0,0,0,0,,
333,MP,Madhya Pradesh,MP_Dindori,Dindori,1026,15,1010,1,0,0,0,0,0,,
335,MP,Madhya Pradesh,MP_Guna,Guna,1557,5,1526,26,0,0,0,0,0,,
336,MP,Madhya Pradesh,MP_Gwalior,Gwalior,16492,28,16235,229,0,0,0,0,0,,
337,MP,Madhya Pradesh,MP_Harda,Harda,2150,8,2106,36,0,0,0,0,0,,
338,MP,Madhya Pradesh,MP_Hoshangabad,Hoshangabad,3887,13,3813,61,0,0,0,0,0,,
339,MP,Madhya Pradesh,MP_Indore,Indore,58364,435,57002,927,0,0,0,0,0,,
340,MP,Madhya Pradesh,MP_Jabalpur,Jabalpur,16509,141,16116,252,0,0,0,0,0,,
341,MP,Madhya Pradesh,MP_Jhabua,Jhabua,2570,29,2514,27,0,0,0,0,0,,
342,MP,Madhya Pradesh,MP_Katni,Katni,2274,2,2253,19,0,0,0,0,0,,
334,MP,Madhya Pradesh,MP_Khandwa,Khandwa,2356,8,2285,63,0,0,0,0,0,,
368,MP,Madhya Pradesh,MP_Khargone,Khargone,5478,52,5319,107,0,0,0,0,0,,
343,MP,Madhya Pradesh,MP_Mandla,Mandla,1223,1,1212,10,0,0,0,0,0,,
344,MP,Madhya Pradesh,MP_Mandsaur,Mandsaur,2859,22,2802,35,0,0,0,0,0,,
345,MP,Madhya Pradesh,MP_Morena,Morena,3235,0,3206,29,0,0,0,0,0,,
346,MP,Madhya Pradesh,MP_Narsinghpur,Narsinghpur,3533,9,3494,30,0,0,0,0,0,,
347,MP,Madhya Pradesh,MP_Neemuch,Neemuch,3049,9,3003,37,0,0,0,0,0,,
348,MP,Madhya Pradesh,MP_Niwari,Niwari,685,2,680,3,0,0,0,0,0,,
0,MP,Madhya Pradesh,MP_Other Region,Other Region,0,0,0,0,0,0,0,0,0,,
349,MP,Madhya Pradesh,MP_Panna,Panna,1134,7,1123,4,0,0,0,0,0,,
350,MP,Madhya Pradesh,MP_Raisen,Raisen,2483,8,2429,46,0,0,0,0,0,,
351,MP,Madhya Pradesh,MP_Rajgarh,Rajgarh,2456,45,2343,68,0,0,0,0,0,,
352,MP,Madhya Pradesh,MP_Ratlam,Ratlam,4760,59,4619,82,0,0,0,0,0,,
353,MP,Madhya Pradesh,MP_Rewa,Rewa,4140,15,4090,35,0,0,0,0,0,,
354,MP,Madhya Pradesh,MP_Sagar,Sagar,5491,40,5300,151,0,0,0,0,0,,
355,MP,Madhya Pradesh,MP_Satna,Satna,3492,3,3447,42,0,0,0,0,0,,
356,MP,Madhya Pradesh,MP_Sehore,Sehore,2819,17,2754,48,0,0,0,0,0,,
357,MP,Madhya Pradesh,MP_Seoni,Seoni,1592,3,1579,10,0,0,0,0,0,,
358,MP,Madhya Pradesh,MP_Shahdol,Shahdol,2988,18,2940,30,0,0,0,0,0,,
359,MP,Madhya Pradesh,MP_Shajapur,Shajapur,1799,8,1769,22,0,0,0,0,0,,
360,MP,Madhya Pradesh,MP_Sheopur,Sheopur,1512,19,1477,16,0,0,0,0,0,,
361,MP,Madhya Pradesh,MP_Shivpuri,Shivpuri,3648,1,3617,30,0,0,0,0,0,,
362,MP,Madhya Pradesh,MP_Sidhi,Sidhi,2055,38,2004,13,0,0,0,0,0,,
363,MP,Madhya Pradesh,MP_Singrauli,Singrauli,1939,36,1877,26,0,0,0,0,0,,
364,MP,Madhya Pradesh,MP_Tikamgarh,Tikamgarh,1313,3,1283,27,0,0,0,0,0,,
365,MP,Madhya Pradesh,MP_Ujjain,Ujjain,5013,49,4860,104,0,0,0,0,0,,
366,MP,Madhya Pradesh,MP_Umaria,Umaria,1318,2,1298,18,0,0,0,0,0,,
367,MP,Madhya Pradesh,MP_Vidisha,Vidisha,3612,8,3533,71,0,0,0,0,0,,
432,MZ,Mizoram,MZ_Aizawl,Aizawl,2886,8,2869,9,0,0,0,0,0,,
433,MZ,Mizoram,MZ_Champhai,Champhai,95,1,94,0,0,0,0,0,0,,
729,MZ,Mizoram,MZ_Hnahthial,Hnahthial,20,0,20,0,0,0,0,0,0,,
730,MZ,Mizoram,MZ_Khawzawl,Khawzawl,23,0,23,0,0,0,0,0,0,,
434,MZ,Mizoram,MZ_Kolasib,Kolasib,295,0,295,0,0,0,0,0,0,,
435,MZ,Mizoram,MZ_Lawngtlai,Lawngtlai,336,5,331,0,0,0,0,0,0,,
436,MZ,Mizoram,MZ_Lunglei,Lunglei,416,2,414,0,0,0,0,0,0,,
437,MZ,Mizoram,MZ_Mamit,Mamit,82,0,82,0,0,0,0,0,0,,
438,MZ,Mizoram,MZ_Saiha,Saiha,36,0,36,0,0,0,0,0,0,,
728,MZ,Mizoram,MZ_Saitual,Saitual,30,1,29,0,0,0,0,0,0,,
439,MZ,Mizoram,MZ_Serchhip,Serchhip,180,0,179,1,0,0,0,0,0,,
0,NL,Nagaland,NL_Others,Others,0,0,0,0,0,0,0,0,0,,
440,NL,Nagaland,NL_Dimapur,Dimapur,6477,2,6338,62,75,0,0,0,0,,
441,NL,Nagaland,NL_Kiphire,Kiphire,41,0,40,1,0,0,0,0,0,,
442,NL,Nagaland,NL_Kohima,Kohima,3873,26,3781,21,45,0,0,0,0,,
443,NL,Nagaland,NL_Longleng,Longleng,19,0,10,0,9,0,0,0,0,,
444,NL,Nagaland,NL_Mokokchung,Mokokchung,193,0,183,3,7,0,0,0,0,,
445,NL,Nagaland,NL_Mon,Mon,605,0,594,2,9,0,0,0,0,,
446,NL,Nagaland,NL_Peren,Peren,507,0,506,0,1,0,0,0,0,,
447,NL,Nagaland,NL_Phek,Phek,47,0,47,0,0,0,0,0,0,,
448,NL,Nagaland,NL_Tuensang,Tuensang,248,0,246,1,1,0,0,0,0,,
449,NL,Nagaland,NL_Wokha,Wokha,39,1,35,1,2,0,0,0,0,,
450,NL,Nagaland,NL_Zunheboto,Zunheboto,142,0,139,0,3,0,0,0,0,,
0,OR,Odisha,OR_State Pool,State Pool,8407,14,8393,0,0,0,0,0,0,,
0,OR,Odisha,OR_Others,Others,0,0,0,0,0,0,0,0,0,,
451,OR,Odisha,OR_Angul,Angul,11440,32,11371,37,0,0,0,0,0,,
452,OR,Odisha,OR_Balangir,Balangir,8812,11,8760,41,0,0,0,0,0,,
453,OR,Odisha,OR_Balasore,Balasore,12355,38,12216,101,0,0,0,0,0,,
454,OR,Odisha,OR_Bargarh,Bargarh,10624,70,10512,42,0,0,0,0,0,,
456,OR,Odisha,OR_Bhadrak,Bhadrak,7488,11,7448,29,0,0,0,0,0,,
455,OR,Odisha,OR_Boudh,Boudh,2814,6,2797,11,0,0,0,0,0,,
457,OR,Odisha,OR_Cuttack,Cuttack,29117,26,28945,146,0,0,0,0,0,,
458,OR,Odisha,OR_Deogarh,Deogarh,1348,8,1335,5,0,0,0,0,0,,
459,OR,Odisha,OR_Dhenkanal,Dhenkanal,5713,2,5682,29,0,0,0,0,0,,
460,OR,Odisha,OR_Gajapati,Gajapati,4072,0,4039,33,0,0,0,0,0,,
461,OR,Odisha,OR_Ganjam,Ganjam,21891,3,21632,256,0,0,0,0,0,,
462,OR,Odisha,OR_Jagatsinghpur,Jagatsinghpur,9160,3,9119,38,0,0,0,0,0,,
463,OR,Odisha,OR_Jajpur,Jajpur,12256,21,12209,26,0,0,0,0,0,,
464,OR,Odisha,OR_Jharsuguda,Jharsuguda,7833,21,7786,26,0,0,0,0,0,,
465,OR,Odisha,OR_Kalahandi,Kalahandi,6383,13,6338,32,0,0,0,0,0,,
466,OR,Odisha,OR_Kandhamal,Kandhamal,5947,0,5914,33,0,0,0,0,0,,
467,OR,Odisha,OR_Kendrapara,Kendrapara,9147,2,9116,29,0,0,0,0,0,,
468,OR,Odisha,OR_Kendujhar,Kendujhar,8028,14,7976,38,0,0,0,0,0,,
469,OR,Odisha,OR_Khordha,Khordha,53143,19,52778,346,0,0,0,0,0,,
470,OR,Odisha,OR_Koraput,Koraput,7885,2,7867,16,0,0,0,0,0,,
471,OR,Odisha,OR_Malkangiri,Malkangiri,5243,3,5212,28,0,0,0,0,0,,
472,OR,Odisha,OR_Mayurbhanj,Mayurbhanj,14156,27,14036,93,0,0,0,0,0,,
473,OR,Odisha,OR_Nabarangapur,Nabarangapur,5828,2,5810,16,0,0,0,0,0,,
474,OR,Odisha,OR_Nayagarh,Nayagarh,6482,2,6433,47,0,0,0,0,0,,
475,OR,Odisha,OR_Nuapada,Nuapada,7616,18,7571,27,0,0,0,0,0,,
476,OR,Odisha,OR_Puri,Puri,14438,59,14259,120,0,0,0,0,0,,
477,OR,Odisha,OR_Rayagada,Rayagada,8444,10,8389,45,0,0,0,0,0,,
478,OR,Odisha,OR_Sambalpur,Sambalpur,9953,56,9819,78,0,0,0,0,0,,
479,OR,Odisha,OR_Subarnapur,Subarnapur,4769,8,4740,21,0,0,0,0,0,,
480,OR,Odisha,OR_Sundargarh,Sundargarh,15668,105,15386,177,0,0,0,0,0,,
485,PB,Punjab,PB_Amritsar,Amritsar,15309,210,14512,587,0,0,0,0,0,,
486,PB,Punjab,PB_Barnala,Barnala,2352,40,2245,67,0,0,0,0,0,,
487,PB,Punjab,PB_Bathinda,Bathinda,9644,58,9359,227,0,0,0,0,0,,
488,PB,Punjab,PB_Faridkot,Faridkot,4111,50,3978,83,0,0,0,0,0,,
489,PB,Punjab,PB_Fatehgarh Sahib,Fatehgarh Sahib,2681,46,2522,113,0,0,0,0,0,,
490,PB,Punjab,PB_Fazilka,Fazilka,3927,10,3845,72,0,0,0,0,0,,
491,PB,Punjab,PB_Ferozepur,Ferozepur,4607,18,4440,149,0,0,0,0,0,,
492,PB,Punjab,PB_Gurdaspur,Gurdaspur,8325,88,7959,278,0,0,0,0,0,,
493,PB,Punjab,PB_Hoshiarpur,Hoshiarpur,8312,112,7845,355,0,0,0,0,0,,
494,PB,Punjab,PB_Jalandhar,Jalandhar,21114,270,20153,691,0,0,0,0,0,,
495,PB,Punjab,PB_Kapurthala,Kapurthala,5178,126,4848,204,0,0,0,0,0,,
496,PB,Punjab,PB_Ludhiana,Ludhiana,26488,368,25104,1016,0,0,0,0,0,,
497,PB,Punjab,PB_Mansa,Mansa,2490,14,2423,53,0,0,0,0,0,,
498,PB,Punjab,PB_Moga,Moga,2834,22,2717,95,0,0,0,0,0,,
499,PB,Punjab,PB_Pathankot,Pathankot,5886,21,5702,163,0,0,0,0,0,,
500,PB,Punjab,PB_Patiala,Patiala,16693,178,16009,506,0,0,0,0,0,,
501,PB,Punjab,PB_Rupnagar,Rupnagar,3619,68,3377,174,0,0,0,0,0,,
502,PB,Punjab,PB_S.A.S. Nagar,S.A.S. Nagar,19866,367,19118,381,0,0,0,0,0,,
503,PB,Punjab,PB_Sangrur,Sangrur,4502,19,4275,208,0,0,0,0,0,,
504,PB,Punjab,PB_Shahid Bhagat Singh Nagar,Shahid Bhagat Singh Nagar,3341,495,2743,103,0,0,0,0,0,,
505,PB,Punjab,PB_Sri Muktsar Sahib,Sri Muktsar Sahib,3907,27,3782,98,0,0,0,0,0,,
506,PB,Punjab,PB_Tarn Taran,Tarn Taran,2190,35,2046,109,0,0,0,0,0,,
481,PY,Puducherry,PY_Karaikal,Karaikal,3958,26,3865,67,0,0,0,0,0,"2 case of TN has been transferred,so has been reduced from the total count.",
482,PY,Puducherry,PY_Mahe,Mahe,2152,34,2108,10,0,0,0,0,0,"1 case of KL have been transferred,so have been reduced from the total count",
483,PY,Puducherry,PY_Puducherry,Puducherry,31296,139,30619,538,0,0,0,0,0,"209 cases(204 of TN, 1 of AP and 4 other) have been transferred,so have been reduced from the total count.[July 18]4 cases have transferred to TN and have been reduced from recovered cases.",
484,PY,Puducherry,PY_Yanam,Yanam,2120,0,2075,45,0,0,0,0,0,"2 cases of AP have been transferred,so have been reduced from the total count",
507,RJ,Rajasthan,RJ_Ajmer,Ajmer,17128,71,16835,222,0,0,0,0,0,,
508,RJ,Rajasthan,RJ_Alwar,Alwar,21826,30,21718,78,0,0,0,0,0,,
509,RJ,Rajasthan,RJ_Banswara,Banswara,2346,48,2264,34,0,0,0,0,0,,
510,RJ,Rajasthan,RJ_Baran,Baran,2645,12,2597,36,0,0,0,0,0,,
511,RJ,Rajasthan,RJ_Barmer,Barmer,5054,13,4988,53,0,0,0,0,0,,
512,RJ,Rajasthan,RJ_Bharatpur,Bharatpur,9098,14,8964,120,0,0,0,0,0,,
513,RJ,Rajasthan,RJ_Bhilwara,Bhilwara,10358,74,10244,40,0,0,0,0,0,,
514,RJ,Rajasthan,RJ_Bikaner,Bikaner,19062,4,18891,167,0,0,0,0,0,,
0,RJ,Rajasthan,RJ_BSF Camp,BSF Camp,85,0,85,0,0,0,0,0,0,,
515,RJ,Rajasthan,RJ_Bundi,Bundi,3068,9,3040,19,0,0,0,0,0,,
516,RJ,Rajasthan,RJ_Chittorgarh,Chittorgarh,4002,39,3922,41,0,0,0,0,0,,
517,RJ,Rajasthan,RJ_Churu,Churu,4377,0,4336,41,0,0,0,0,0,,
518,RJ,Rajasthan,RJ_Dausa,Dausa,2431,0,2407,24,0,0,0,0,0,,
519,RJ,Rajasthan,RJ_Dholpur,Dholpur,3768,3,3736,29,0,0,0,0,0,,
520,RJ,Rajasthan,RJ_Dungarpur,Dungarpur,5016,46,4936,34,0,0,0,0,0,,
0,RJ,Rajasthan,RJ_Evacuees,Evacuees,61,0,61,0,0,0,0,0,0,,
521,RJ,Rajasthan,RJ_Ganganagar,Ganganagar,6779,15,6722,42,0,0,0,0,0,,
522,RJ,Rajasthan,RJ_Hanumangarh,Hanumangarh,2976,0,2964,12,0,0,0,0,0,,
0,RJ,Rajasthan,RJ_Italians,Italians,2,0,2,0,0,0,0,0,0,,
523,RJ,Rajasthan,RJ_Jaipur,Jaipur,59290,276,58497,517,0,0,0,0,0,,
524,RJ,Rajasthan,RJ_Jaisalmer,Jaisalmer,2250,12,2213,25,0,0,0,0,0,,
525,RJ,Rajasthan,RJ_Jalore,Jalore,5612,2,5558,52,0,0,0,0,0,,
526,RJ,Rajasthan,RJ_Jhalawar,Jhalawar,3679,5,3650,24,0,0,0,0,0,,
527,RJ,Rajasthan,RJ_Jhunjhunu,Jhunjhunu,4573,0,4518,55,0,0,0,0,0,,
528,RJ,Rajasthan,RJ_Jodhpur,Jodhpur,44956,137,44514,305,0,0,0,0,0,,
529,RJ,Rajasthan,RJ_Karauli,Karauli,1560,3,1537,20,0,0,0,0,0,,
530,RJ,Rajasthan,RJ_Kota,Kota,19967,233,19565,169,0,0,0,0,0,,
531,RJ,Rajasthan,RJ_Nagaur,Nagaur,10299,32,10172,95,0,0,0,0,0,,
0,RJ,Rajasthan,RJ_Other State,Other State,189,0,150,39,0,0,0,0,0,,
532,RJ,Rajasthan,RJ_Pali,Pali,11014,8,10897,109,0,0,0,0,0,,
533,RJ,Rajasthan,RJ_Pratapgarh,Pratapgarh,1255,8,1225,22,0,0,0,0,0,,
534,RJ,Rajasthan,RJ_Rajsamand,Rajsamand,4224,42,4139,43,0,0,0,0,0,,
535,RJ,Rajasthan,RJ_Sawai Madhopur,Sawai Madhopur,2124,0,2097,27,0,0,0,0,0,,
536,RJ,Rajasthan,RJ_Sikar,Sikar,9075,15,8959,101,0,0,0,0,0,,
537,RJ,Rajasthan,RJ_Sirohi,Sirohi,3769,13,3727,29,0,0,0,0,0,,
538,RJ,Rajasthan,RJ_Tonk,Tonk,3462,2,3424,36,0,0,0,0,0,,
539,RJ,Rajasthan,RJ_Udaipur,Udaipur,11890,109,11658,123,0,0,0,0,0,,
540,SK,Sikkim,SK_East Sikkim,East Sikkim,1631,522,1106,3,0,0,0,0,0,,
541,SK,Sikkim,SK_North Sikkim,North Sikkim,5,4,1,0,0,0,0,0,0,,
542,SK,Sikkim,SK_South Sikkim,South Sikkim,498,425,73,0,0,0,0,0,0,,
543,SK,Sikkim,SK_West Sikkim,West Sikkim,107,92,15,0,0,0,0,0,0,,
0,TG,Telangana,TG_Foreign Evacuees,Foreign Evacuees,33,33,0,0,0,0,0,0,0,District-wise numbers are out-dated as cumulative counts for each district are not reported in Telangana bulletin,
0,TG,Telangana,TG_Other State,Other State,250,250,0,0,0,0,0,0,0,District-wise numbers are out-dated as cumulative counts for each district are not reported in Telangana bulletin,
576,TG,Telangana,TG_Adilabad,Adilabad,2939,2924,15,0,0,0,0,0,0,District-wise numbers are out-dated as cumulative counts for each district are not reported in Telangana bulletin,
577,TG,Telangana,TG_Bhadradri Kothagudem,Bhadradri Kothagudem,9068,9064,4,0,0,0,0,0,0,District-wise numbers are out-dated as cumulative counts for each district are not reported in Telangana bulletin,
578,TG,Telangana,TG_Hyderabad,Hyderabad,80262,79934,305,23,0,0,0,0,0,District-wise numbers are out-dated as cumulative counts for each district are not reported in Telangana bulletin,
579,TG,Telangana,TG_Jagtial,Jagtial,6248,6246,2,0,0,0,0,0,0,District-wise numbers are out-dated as cumulative counts for each district are not reported in Telangana bulletin,
580,TG,Telangana,TG_Jangaon,Jangaon,3670,3669,1,0,0,0,0,0,0,District-wise numbers are out-dated as cumulative counts for each district are not reported in Telangana bulletin,
581,TG,Telangana,TG_Jayashankar Bhupalapally,Jayashankar Bhupalapally,2546,2546,0,0,0,0,0,0,0,District-wise numbers are out-dated as cumulative counts for each district are not reported in Telangana bulletin,
582,TG,Telangana,TG_Jogulamba Gadwal,Jogulamba Gadwal,3374,3348,25,1,0,0,0,0,0,District-wise numbers are out-dated as cumulative counts for each district are not reported in Telangana bulletin,
583,TG,Telangana,TG_Kamareddy,Kamareddy,5631,5623,8,0,0,0,0,0,0,District-wise numbers are out-dated as cumulative counts for each district are not reported in Telangana bulletin,
584,TG,Telangana,TG_Karimnagar,Karimnagar,13943,13927,16,0,0,0,0,0,0,District-wise numbers are out-dated as cumulative counts for each district are not reported in Telangana bulletin,
585,TG,Telangana,TG_Khammam,Khammam,10693,10690,3,0,0,0,0,0,0,District-wise numbers are out-dated as cumulative counts for each district are not reported in Telangana bulletin,
586,TG,Telangana,TG_Komaram Bheem,Komaram Bheem,1626,1624,2,0,0,0,0,0,0,District-wise numbers are out-dated as cumulative counts for each district are not reported in Telangana bulletin,
587,TG,Telangana,TG_Mahabubabad,Mahabubabad,5461,5460,1,0,0,0,0,0,0,District-wise numbers are out-dated as cumulative counts for each district are not reported in Telangana bulletin,
588,TG,Telangana,TG_Mahabubnagar,Mahabubnagar,5075,5067,8,0,0,0,0,0,0,District-wise numbers are out-dated as cumulative counts for each district are not reported in Telangana bulletin,
589,TG,Telangana,TG_Mancherial,Mancherial,5552,5551,0,1,0,0,0,0,0,District-wise numbers are out-dated as cumulative counts for each district are not reported in Telangana bulletin,
590,TG,Telangana,TG_Medak,Medak,3713,3709,4,0,0,0,0,0,0,District-wise numbers are out-dated as cumulative counts for each district are not reported in Telangana bulletin,
591,TG,Telangana,TG_Medchal Malkajgiri,Medchal Malkajgiri,19798,19788,9,1,0,0,0,0,0,District-wise numbers are out-dated as cumulative counts for each district are not reported in Telangana bulletin,
592,TG,Telangana,TG_Mulugu,Mulugu,3012,3010,2,0,0,0,0,0,0,District-wise numbers are out-dated as cumulative counts for each district are not reported in Telangana bulletin,
593,TG,Telangana,TG_Nagarkurnool,Nagarkurnool,4433,4431,2,0,0,0,0,0,0,District-wise numbers are out-dated as cumulative counts for each district are not reported in Telangana bulletin,
594,TG,Telangana,TG_Nalgonda,Nalgonda,12452,12440,12,0,0,0,0,0,0,District-wise numbers are out-dated as cumulative counts for each district are not reported in Telangana bulletin,
595,TG,Telangana,TG_Narayanpet,Narayanpet,1124,1123,0,1,0,0,0,0,0,District-wise numbers are out-dated as cumulative counts for each district are not reported in Telangana bulletin,
596,TG,Telangana,TG_Nirmal,Nirmal,2672,2659,13,0,0,0,0,0,0,District-wise numbers are out-dated as cumulative counts for each district are not reported in Telangana bulletin,
597,TG,Telangana,TG_Nizamabad,Nizamabad,8226,8196,30,0,0,0,0,0,0,District-wise numbers are out-dated as cumulative counts for each district are not reported in Telangana bulletin,
598,TG,Telangana,TG_Peddapalli,Peddapalli,5899,5898,1,0,0,0,0,0,0,District-wise numbers are out-dated as cumulative counts for each district are not reported in Telangana bulletin,
599,TG,Telangana,TG_Rajanna Sircilla,Rajanna Sircilla,5163,5161,2,0,0,0,0,0,0,District-wise numbers are out-dated as cumulative counts for each district are not reported in Telangana bulletin,
600,TG,Telangana,TG_Ranga Reddy,Ranga Reddy,24468,24449,17,2,0,0,0,0,0,District-wise numbers are out-dated as cumulative counts for each district are not reported in Telangana bulletin,
601,TG,Telangana,TG_Sangareddy,Sangareddy,8116,8110,6,0,0,0,0,0,0,District-wise numbers are out-dated as cumulative counts for each district are not reported in Telangana bulletin,
602,TG,Telangana,TG_Siddipet,Siddipet,8005,8004,1,0,0,0,0,0,0,District-wise numbers are out-dated as cumulative counts for each district are not reported in Telangana bulletin,
603,TG,Telangana,TG_Suryapet,Suryapet,7107,7083,24,0,0,0,0,0,0,District-wise numbers are out-dated as cumulative counts for each district are not reported in Telangana bulletin,
604,TG,Telangana,TG_Vikarabad,Vikarabad,2622,2606,15,1,0,0,0,0,0,District-wise numbers are out-dated as cumulative counts for each district are not reported in Telangana bulletin,
605,TG,Telangana,TG_Wanaparthy,Wanaparthy,3563,3563,0,0,0,0,0,0,0,District-wise numbers are out-dated as cumulative counts for each district are not reported in Telangana bulletin,
606,TG,Telangana,TG_Warangal Rural,Warangal Rural,3825,3825,0,0,0,0,0,0,0,District-wise numbers are out-dated as cumulative counts for each district are not reported in Telangana bulletin,
607,TG,Telangana,TG_Warangal Urban,Warangal Urban,11969,11946,23,0,0,0,0,0,0,District-wise numbers are out-dated as cumulative counts for each district are not reported in Telangana bulletin,
608,TG,Telangana,TG_Yadadri Bhuvanagiri,Yadadri Bhuvanagiri,4072,4072,0,0,0,0,0,0,0,District-wise numbers are out-dated as cumulative counts for each district are not reported in Telangana bulletin,
0,TN,Tamil Nadu,TN_Railway Quarantine,Railway Quarantine,428,0,428,0,0,0,0,0,0,,
0,TN,Tamil Nadu,TN_Airport Quarantine,Airport Quarantine,1989,11,1976,2,0,0,0,0,0,,
0,TN,Tamil Nadu,TN_Other State,Other State,0,-3,0,3,0,0,0,0,0,,
544,TN,Tamil Nadu,TN_Ariyalur,Ariyalur,4717,10,4658,49,0,0,0,0,0,,
732,TN,Tamil Nadu,TN_Chengalpattu,Chengalpattu,52310,366,51168,776,0,0,0,0,0,,
545,TN,Tamil Nadu,TN_Chennai,Chennai,233936,1632,228176,4128,0,0,0,0,0,[July 22]: 444 backdated deceased entries added to Chennai in TN bulletin.,
546,TN,Tamil Nadu,TN_Coimbatore,Coimbatore,55319,403,54237,679,0,0,0,0,0,,
547,TN,Tamil Nadu,TN_Cuddalore,Cuddalore,25095,87,24721,287,0,0,0,0,0,,
548,TN,Tamil Nadu,TN_Dharmapuri,Dharmapuri,6639,29,6555,55,0,0,0,0,0,,
549,TN,Tamil Nadu,TN_Dindigul,Dindigul,11393,56,11138,199,0,0,0,0,0,,
550,TN,Tamil Nadu,TN_Erode,Erode,14675,129,14396,150,0,0,0,0,0,,
734,TN,Tamil Nadu,TN_Kallakurichi,Kallakurichi,10903,12,10783,108,0,0,0,0,0,,
551,TN,Tamil Nadu,TN_Kancheepuram,Kancheepuram,29405,64,28897,444,0,0,0,0,0,,
552,TN,Tamil Nadu,TN_Kanyakumari,Kanyakumari,17004,69,16675,260,0,0,0,0,0,,
553,TN,Tamil Nadu,TN_Karur,Karur,5480,43,5387,50,0,0,0,0,0,,
554,TN,Tamil Nadu,TN_Krishnagiri,Krishnagiri,8127,27,7982,118,0,0,0,0,0,,
555,TN,Tamil Nadu,TN_Madurai,Madurai,21175,73,20642,460,0,0,0,0,0,,
556,TN,Tamil Nadu,TN_Nagapattinam,Nagapattinam,8559,56,8370,133,0,0,0,0,0,,
557,TN,Tamil Nadu,TN_Namakkal,Namakkal,11761,46,11604,111,0,0,0,0,0,,
564,TN,Tamil Nadu,TN_Nilgiris,Nilgiris,8297,48,8201,48,0,0,0,0,0,,
558,TN,Tamil Nadu,TN_Perambalur,Perambalur,2281,7,2253,21,0,0,0,0,0,,
559,TN,Tamil Nadu,TN_Pudukkottai,Pudukkottai,11627,31,11440,156,0,0,0,0,0,,
560,TN,Tamil Nadu,TN_Ramanathapuram,Ramanathapuram,6447,15,6295,137,0,0,0,0,0,,
733,TN,Tamil Nadu,TN_Ranipet,Ranipet,16200,34,15977,189,0,0,0,0,0,,
561,TN,Tamil Nadu,TN_Salem,Salem,32620,56,32098,466,0,0,0,0,0,,
562,TN,Tamil Nadu,TN_Sivaganga,Sivaganga,6739,54,6559,126,0,0,0,0,0,,
731,TN,Tamil Nadu,TN_Tenkasi,Tenkasi,8501,48,8294,159,0,0,0,0,0,,
563,TN,Tamil Nadu,TN_Thanjavur,Thanjavur,17942,100,17593,249,0,0,0,0,0,,
565,TN,Tamil Nadu,TN_Theni,Theni,17138,29,16902,207,0,0,0,0,0,,
566,TN,Tamil Nadu,TN_Thiruvallur,Thiruvallur,43961,165,43100,696,0,0,0,0,0,,
567,TN,Tamil Nadu,TN_Thiruvarur,Thiruvarur,11299,50,11139,110,0,0,0,0,0,,
568,TN,Tamil Nadu,TN_Thoothukkudi,Thoothukkudi,16331,23,16165,143,0,0,0,0,0,,
569,TN,Tamil Nadu,TN_Tiruchirappalli,Tiruchirappalli,14901,69,14648,184,0,0,0,0,0,,
570,TN,Tamil Nadu,TN_Tirunelveli,Tirunelveli,15684,54,15416,214,0,0,0,0,0,,
735,TN,Tamil Nadu,TN_Tirupathur,Tirupathur,7621,16,7479,126,0,0,0,0,0,,
571,TN,Tamil Nadu,TN_Tiruppur,Tiruppur,18198,108,17867,223,0,0,0,0,0,,
572,TN,Tamil Nadu,TN_Tiruvannamalai,Tiruvannamalai,19450,45,19121,284,0,0,0,0,0,,
573,TN,Tamil Nadu,TN_Vellore,Vellore,20910,61,20499,350,0,0,0,0,0,,
574,TN,Tamil Nadu,TN_Viluppuram,Viluppuram,15242,28,15102,112,0,0,0,0,0,,
575,TN,Tamil Nadu,TN_Virudhunagar,Virudhunagar,16633,22,16379,232,0,0,0,0,0,,
609,TR,Tripura,TR_Dhalai,Dhalai,3473,0,3454,18,1,0,0,0,0,,
610,TR,Tripura,TR_Gomati,Gomati,3930,0,3885,44,1,0,0,0,0,,
611,TR,Tripura,TR_Khowai,Khowai,1843,1,1811,31,0,0,0,0,0,,
612,TR,Tripura,TR_North Tripura,North Tripura,2759,0,2736,16,7,0,0,0,0,,
613,TR,Tripura,TR_Sipahijala,Sipahijala,2881,0,2842,39,0,0,0,0,0,,
614,TR,Tripura,TR_South Tripura,South Tripura,4056,0,4030,23,3,0,0,0,0,,
615,TR,Tripura,TR_Unokoti,Unokoti,2767,0,2744,23,0,0,0,0,0,,
616,TR,Tripura,TR_West Tripura,West Tripura,11645,4,11436,194,11,0,0,0,0,,
617,UP,Uttar Pradesh,UP_Agra,Agra,10513,10,10330,173,0,0,0,0,0,,
618,UP,Uttar Pradesh,UP_Aligarh,Aligarh,11434,19,11359,56,0,0,0,0,0,,
619,UP,Uttar Pradesh,UP_Ambedkar Nagar,Ambedkar Nagar,1914,36,1834,44,0,0,0,0,0,,
620,UP,Uttar Pradesh,UP_Amethi,Amethi,3750,13,3698,39,0,0,0,0,0,,
621,UP,Uttar Pradesh,UP_Amroha,Amroha,4346,25,4271,50,0,0,0,0,0,,
622,UP,Uttar Pradesh,UP_Auraiya,Auraiya,3532,25,3460,47,0,0,0,0,0,,
765,UP,Uttar Pradesh,UP_Ayodhya,Ayodhya,8163,19,8020,124,0,0,0,0,0,,
623,UP,Uttar Pradesh,UP_Azamgarh,Azamgarh,6044,6,5943,95,0,0,0,0,0,,
624,UP,Uttar Pradesh,UP_Baghpat,Baghpat,2334,5,2293,36,0,0,0,0,0,,
625,UP,Uttar Pradesh,UP_Bahraich,Bahraich,4137,6,4055,76,0,0,0,0,0,,
626,UP,Uttar Pradesh,UP_Ballia,Ballia,7898,122,7670,106,0,0,0,0,0,,
627,UP,Uttar Pradesh,UP_Balrampur,Balrampur,2207,39,2132,36,0,0,0,0,0,,
628,UP,Uttar Pradesh,UP_Banda,Banda,3866,7,3816,43,0,0,0,0,0,,
629,UP,Uttar Pradesh,UP_Barabanki,Barabanki,7822,17,7703,102,0,0,0,0,0,,
630,UP,Uttar Pradesh,UP_Bareilly,Bareilly,14649,55,14429,165,0,0,0,0,0,,
631,UP,Uttar Pradesh,UP_Basti,Basti,5344,65,5180,99,0,0,0,0,0,,
632,UP,Uttar Pradesh,UP_Bhadohi,Bhadohi,2250,32,2195,23,0,0,0,0,0,,
633,UP,Uttar Pradesh,UP_Bijnor,Bijnor,4416,5,4347,64,0,0,0,0,0,,
634,UP,Uttar Pradesh,UP_Budaun,Budaun,4061,14,4002,45,0,0,0,0,0,,
635,UP,Uttar Pradesh,UP_Bulandshahr,Bulandshahr,6297,18,6185,94,0,0,0,0,0,,
636,UP,Uttar Pradesh,UP_Chandauli,Chandauli,4877,9,4801,67,0,0,0,0,0,,
637,UP,Uttar Pradesh,UP_Chitrakoot,Chitrakoot,2189,1,2173,15,0,0,0,0,0,,
638,UP,Uttar Pradesh,UP_Deoria,Deoria,6762,61,6606,95,0,0,0,0,0,,
639,UP,Uttar Pradesh,UP_Etah,Etah,2534,11,2496,27,0,0,0,0,0,,
640,UP,Uttar Pradesh,UP_Etawah,Etawah,5769,48,5615,106,0,0,0,0,0,,
642,UP,Uttar Pradesh,UP_Farrukhabad,Farrukhabad,4708,3,4617,88,0,0,0,0,0,,
643,UP,Uttar Pradesh,UP_Fatehpur,Fatehpur,3835,76,3691,68,0,0,0,0,0,,
644,UP,Uttar Pradesh,UP_Firozabad,Firozabad,3889,15,3806,68,0,0,0,0,0,,
645,UP,Uttar Pradesh,UP_Gautam Buddha Nagar,Gautam Buddha Nagar,25446,46,25309,91,0,0,0,0,0,,
646,UP,Uttar Pradesh,UP_Ghaziabad,Ghaziabad,26697,69,26526,102,0,0,0,0,0,,
647,UP,Uttar Pradesh,UP_Ghazipur,Ghazipur,5258,11,5155,92,0,0,0,0,0,,
648,UP,Uttar Pradesh,UP_Gonda,Gonda,5068,16,4982,70,0,0,0,0,0,,
649,UP,Uttar Pradesh,UP_Gorakhpur,Gorakhpur,21449,34,21052,363,0,0,0,0,0,,
650,UP,Uttar Pradesh,UP_Hamirpur,Hamirpur,1584,3,1560,21,0,0,0,0,0,,
651,UP,Uttar Pradesh,UP_Hapur,Hapur,4418,32,4318,68,0,0,0,0,0,,
652,UP,Uttar Pradesh,UP_Hardoi,Hardoi,5943,68,5766,109,0,0,0,0,0,,
653,UP,Uttar Pradesh,UP_Hathras,Hathras,1317,9,1301,7,0,0,0,0,0,,
654,UP,Uttar Pradesh,UP_Jalaun,Jalaun,3986,21,3918,47,0,0,0,0,0,,
655,UP,Uttar Pradesh,UP_Jaunpur,Jaunpur,6716,8,6609,99,0,0,0,0,0,,
656,UP,Uttar Pradesh,UP_Jhansi,Jhansi,10442,20,10244,178,0,0,0,0,0,,
657,UP,Uttar Pradesh,UP_Kannauj,Kannauj,3499,2,3448,49,0,0,0,0,0,,
658,UP,Uttar Pradesh,UP_Kanpur Dehat,Kanpur Dehat,2127,13,2078,36,0,0,0,0,0,,
659,UP,Uttar Pradesh,UP_Kanpur Nagar,Kanpur Nagar,32972,64,32070,838,0,0,0,0,0,,
660,UP,Uttar Pradesh,UP_Kasganj,Kasganj,1964,1,1957,6,0,0,0,0,0,,
661,UP,Uttar Pradesh,UP_Kaushambi,Kaushambi,2267,2,2238,27,0,0,0,0,0,,
663,UP,Uttar Pradesh,UP_Kushinagar,Kushinagar,5708,57,5589,62,0,0,0,0,0,,
662,UP,Uttar Pradesh,UP_Lakhimpur Kheri,Lakhimpur Kheri,7656,27,7530,99,0,0,0,0,0,,
664,UP,Uttar Pradesh,UP_Lalitpur,Lalitpur,3473,25,3401,47,0,0,0,0,0,,
665,UP,Uttar Pradesh,UP_Lucknow,Lucknow,81717,370,80161,1186,0,0,0,0,0,,
667,UP,Uttar Pradesh,UP_Maharajganj,Maharajganj,5811,4,5716,91,0,0,0,0,0,,
666,UP,Uttar Pradesh,UP_Mahoba,Mahoba,1477,1,1464,12,0,0,0,0,0,,
668,UP,Uttar Pradesh,UP_Mainpuri,Mainpuri,3847,25,3746,76,0,0,0,0,0,,
669,UP,Uttar Pradesh,UP_Mathura,Mathura,6827,15,6699,113,0,0,0,0,0,,
670,UP,Uttar Pradesh,UP_Mau,Mau,3067,5,3023,39,0,0,0,0,0,,
671,UP,Uttar Pradesh,UP_Meerut,Meerut,22335,273,21622,440,0,0,0,0,0,,
672,UP,Uttar Pradesh,UP_Mirzapur,Mirzapur,3456,13,3397,46,0,0,0,0,0,,
673,UP,Uttar Pradesh,UP_Moradabad,Moradabad,11887,51,11652,184,0,0,0,0,0,,
674,UP,Uttar Pradesh,UP_Muzaffarnagar,Muzaffarnagar,8873,30,8732,111,0,0,0,0,0,,
675,UP,Uttar Pradesh,UP_Pilibhit,Pilibhit,4200,5,4113,82,0,0,0,0,0,,
676,UP,Uttar Pradesh,UP_Pratapgarh,Pratapgarh,5416,10,5333,73,0,0,0,0,0,,
677,UP,Uttar Pradesh,UP_Prayagraj,Prayagraj,29215,98,28708,409,0,0,0,0,0,,
678,UP,Uttar Pradesh,UP_Rae Bareli,Rae Bareli,5547,14,5422,111,0,0,0,0,0,,
679,UP,Uttar Pradesh,UP_Rampur,Rampur,5528,40,5430,58,0,0,0,0,0,,
680,UP,Uttar Pradesh,UP_Saharanpur,Saharanpur,10098,9,9954,135,0,0,0,0,0,,
681,UP,Uttar Pradesh,UP_Sambhal,Sambhal,3208,63,3100,45,0,0,0,0,0,,
682,UP,Uttar Pradesh,UP_Sant Kabir Nagar,Sant Kabir Nagar,3419,12,3363,44,0,0,0,0,0,,
683,UP,Uttar Pradesh,UP_Shahjahanpur,Shahjahanpur,6948,8,6827,113,0,0,0,0,0,,
684,UP,Uttar Pradesh,UP_Shamli,Shamli,3660,1,3628,31,0,0,0,0,0,,
685,UP,Uttar Pradesh,UP_Shrawasti,Shrawasti,1366,0,1348,18,0,0,0,0,0,,
686,UP,Uttar Pradesh,UP_Siddharthnagar,Siddharthnagar,4089,18,4018,53,0,0,0,0,0,,
687,UP,Uttar Pradesh,UP_Sitapur,Sitapur,4841,2,4758,81,0,0,0,0,0,,
688,UP,Uttar Pradesh,UP_Sonbhadra,Sonbhadra,5013,96,4842,75,0,0,0,0,0,,
689,UP,Uttar Pradesh,UP_Sultanpur,Sultanpur,4992,69,4846,77,0,0,0,0,0,,
690,UP,Uttar Pradesh,UP_Unnao,Unnao,4555,121,4348,86,0,0,0,0,0,,
691,UP,Uttar Pradesh,UP_Varanasi,Varanasi,23488,47,22985,456,0,0,0,0,0,,
692,UT,Uttarakhand,UT_Almora,Almora,3259,70,3036,25,128,0,0,0,0,,
693,UT,Uttarakhand,UT_Bageshwar,Bageshwar,1540,18,1479,17,26,0,0,0,0,,
694,UT,Uttarakhand,UT_Chamoli,Chamoli,3487,27,3356,15,89,0,0,0,0,,
695,UT,Uttarakhand,UT_Champawat,Champawat,1820,16,1721,9,74,0,0,0,0,,
696,UT,Uttarakhand,UT_Dehradun,Dehradun,29675,38,28240,959,438,0,0,0,0,,
697,UT,Uttarakhand,UT_Haridwar,Haridwar,14141,137,13678,157,169,0,0,0,0,,
698,UT,Uttarakhand,UT_Nainital,Nainital,12719,95,12315,236,73,0,0,0,0,,
699,UT,Uttarakhand,UT_Pauri Garhwal,Pauri Garhwal,5159,33,5043,59,24,0,0,0,0,,
700,UT,Uttarakhand,UT_Pithoragarh,Pithoragarh,3362,21,3288,47,6,0,0,0,0,,
701,UT,Uttarakhand,UT_Rudraprayag,Rudraprayag,2270,3,2250,10,7,0,0,0,0,,
702,UT,Uttarakhand,UT_Tehri Garhwal,Tehri Garhwal,4234,23,4033,16,162,0,0,0,0,,
703,UT,Uttarakhand,UT_Udham Singh Nagar,Udham Singh Nagar,11547,55,11256,117,119,0,0,0,0,,
704,UT,Uttarakhand,UT_Uttarkashi,Uttarkashi,3792,13,3644,17,118,0,0,0,0,,
705,WB,West Bengal,WB_Alipurduar,Alipurduar,7703,3,7614,86,0,0,0,0,0,,
706,WB,West Bengal,WB_Bankura,Bankura,11911,70,11749,92,0,0,0,0,0,,
707,WB,West Bengal,WB_Birbhum,Birbhum,10015,95,9831,89,0,0,0,0,0,,
708,WB,West Bengal,WB_Cooch Behar,Cooch Behar,11832,9,11751,72,0,0,0,0,0,,
709,WB,West Bengal,WB_Dakshin Dinajpur,Dakshin Dinajpur,8176,3,8099,74,0,0,0,0,0,,
710,WB,West Bengal,WB_Darjeeling,Darjeeling,18405,91,18111,203,0,0,0,0,0,,
711,WB,West Bengal,WB_Hooghly,Hooghly,29587,113,28978,496,0,0,0,0,0,,
712,WB,West Bengal,WB_Howrah,Howrah,35695,105,34546,1044,0,0,0,0,0,,
713,WB,West Bengal,WB_Jalpaiguri,Jalpaiguri,14681,76,14442,163,0,0,0,0,0,,
714,WB,West Bengal,WB_Jhargram,Jhargram,3042,12,3008,22,0,0,0,0,0,,
715,WB,West Bengal,WB_Kalimpong,Kalimpong,2229,14,2189,26,0,0,0,0,0,,
716,WB,West Bengal,WB_Kolkata,Kolkata,128754,1086,124576,3092,0,0,0,0,0,,
717,WB,West Bengal,WB_Malda,Malda,12680,37,12529,114,0,0,0,0,0,,
719,WB,West Bengal,WB_Murshidabad,Murshidabad,12290,37,12104,149,0,0,0,0,0,,
720,WB,West Bengal,WB_Nadia,Nadia,22601,83,22200,318,0,0,0,0,0,,
721,WB,West Bengal,WB_North 24 Parganas,North 24 Parganas,122648,946,119202,2500,0,0,0,0,0,,
0,WB,West Bengal,WB_Other State,Other State,66,0,63,3,0,0,0,0,0,,
722,WB,West Bengal,WB_Paschim Bardhaman,Paschim Bardhaman,16324,238,15918,168,0,0,0,0,0,,
718,WB,West Bengal,WB_Paschim Medinipur,Paschim Medinipur,20216,72,19835,309,0,0,0,0,0,,
723,WB,West Bengal,WB_Purba Bardhaman,Purba Bardhaman,12658,47,12509,102,0,0,0,0,0,,
724,WB,West Bengal,WB_Purba Medinipur,Purba Medinipur,20663,130,20254,279,0,0,0,0,0,,
725,WB,West Bengal,WB_Purulia,Purulia,7227,96,7083,48,0,0,0,0,0,,
726,WB,West Bengal,WB_South 24 Parganas,South 24 Parganas,37122,229,36179,714,0,0,0,0,0,,
727,WB,West Bengal,WB_Uttar Dinajpur,Uttar Dinajpur,6668,80,6512,76,0,0,0,0,0,,
728,AN,Andaman and Nicobar Islands,AN_Unknown,Unknown,4962,-11,4911,62,0,0,0,0,0,,
729,AP,Andhra Pradesh,AP_Unknown,Unknown,0,0,0,0,0,0,0,0,0,,
730,AR,Arunachal Pradesh,AR_Unknown,Unknown,0,0,0,0,0,0,0,0,0,,
731,AS,Assam,AS_Unknown,Unknown,102312,-68047,168716,296,1347,0,0,0,0,,
732,BR,Bihar,BR_Unknown,Unknown,0,0,0,0,0,0,0,0,0,,
733,CH,Chandigarh,CH_Unknown,Unknown,73,10,61,2,0,0,0,0,0,,
734,CT,Chhattisgarh,CT_Unknown,Unknown,0,0,0,0,0,0,0,0,0,,
735,DN,Dadra and Nagar Haveli and Daman and Diu,DN_Unknown,Unknown,0,0,0,0,0,0,0,0,0,,
737,DL,Delhi,DL_Unknown,Unknown,636657,266,625496,10895,0,0,0,0,0,,
738,GA,Goa,GA_Unknown,Unknown,48042,-3116,50564,594,0,0,0,0,0,,
739,GJ,Gujarat,GJ_Unknown,Unknown,0,-1,0,1,0,0,0,0,0,,
740,HR,Haryana,HR_Unknown,Unknown,0,0,0,0,0,0,0,0,0,,
741,HP,Himachal Pradesh,HP_Unknown,Unknown,0,0,0,0,0,0,0,0,0,,
742,JK,Jammu and Kashmir,JK_Unknown,Unknown,0,0,0,0,0,0,0,0,0,,
743,JH,Jharkhand,JH_Unknown,Unknown,0,0,0,0,0,0,0,0,0,,
744,KA,Karnataka,KA_Unknown,Unknown,0,0,0,0,0,0,0,0,0,,
745,KL,Kerala,KL_Unknown,Unknown,0,-1,0,1,0,0,0,0,0,,
746,LA,Ladakh,LA_Unknown,Unknown,0,0,0,0,0,0,0,0,0,,
747,LD,Lakshadweep,LD_Unknown,Unknown,0,0,0,0,0,0,0,0,0,,
748,MP,Madhya Pradesh,MP_Unknown,Unknown,0,0,0,0,0,0,0,0,0,,
749,MH,Maharashtra,MH_Unknown,Unknown,0,0,0,0,0,0,0,0,0,,
750,MN,Manipur,MN_Unknown,Unknown,1412,-25490,26841,61,0,0,0,0,0,,
751,ML,Meghalaya,ML_Unknown,Unknown,0,0,0,0,0,0,0,0,0,,
752,MZ,Mizoram,MZ_Unknown,Unknown,0,0,0,0,0,0,0,0,0,,
753,NL,Nagaland,NL_Unknown,Unknown,0,0,0,0,0,0,0,0,0,,
754,OR,Odisha,OR_Unknown,Unknown,0,0,0,0,0,0,0,0,0,,
755,PY,Puducherry,PY_Unknown,Unknown,0,0,0,0,0,0,0,0,0,,
756,PB,Punjab,PB_Unknown,Unknown,0,0,0,0,0,0,0,0,0,,
757,RJ,Rajasthan,RJ_Unknown,Unknown,0,0,0,0,0,0,0,0,0,,
758,SK,Sikkim,SK_Unknown,Unknown,3885,-985,4641,132,97,0,0,0,0,,
759,TN,Tamil Nadu,TN_Unknown,Unknown,0,0,0,0,0,0,0,0,0,,
760,TG,Telangana,TG_Unknown,Unknown,496,-294344,293248,1592,0,0,0,0,0,,
761,TR,Tripura,TR_Unknown,Unknown,0,0,0,0,0,0,0,0,0,,
762,UP,Uttar Pradesh,UP_Unknown,Unknown,0,0,0,0,0,0,0,0,0,,
763,UT,Uttarakhand,UT_Unknown,Unknown,0,0,0,0,0,0,0,0,0,,
764,WB,West Bengal,WB_Unknown,Unknown,0,0,0,0,0,0,0,0,0,,